K,logLik,df,AIC,BIC,entropy,converged
2,-7872.9966885752965,35,15815.993377150593,15984.770285822311,0.5974631924184581,TRUE
3,-7854.606059553311,53,15815.212119106622,16070.788580809507,0.6538549997351331,TRUE
4,-7833.590581484717,71,15809.181162969435,16151.55717770349,0.63807385271856,TRUE
5,-7815.084934849684,89,15808.169869699368,16237.345437464592,0.6731893636537319,TRUE
6,-7798.564480708824,107,15811.128961417648,16327.10408221404,0.7057101154296552,TRUE
