K,logLik,df,AIC,BIC,entropy,converged
2,-10002.088218994606,35,20074.176437989212,20241.154067826028,0.5867355682077499,TRUE
3,-9973.761088808924,53,20053.522177617848,20306.374017085025,0.6094897976979952,TRUE
4,-9945.519815005173,71,20033.039630010346,20371.765679107884,0.6114459813516934,TRUE
5,-9919.68821614663,89,20017.37643229326,20441.97669102116,0.6458699998422843,TRUE
6,-9897.149111881668,107,20008.298223763337,20518.772692121598,0.6688422793631574,TRUE
