K,logLik,df,AIC,BIC,entropy,converged
2,-18989.08129369883,65,38108.16258739766,38439.01758172311,0.655042245752385,TRUE
3,-18931.35388797334,98,38058.70777594668,38557.53530585273,0.7444961704433009,TRUE
4,-18873.5287845185,131,38009.057569037,38675.85763452367,0.7483115897375066,TRUE
5,-18821.942793403523,164,37971.885586807046,38806.658187874324,0.7868531946294763,TRUE
6,-18779.32123665822,197,37952.64247331644,38955.38760996433,0.7799251760825392,TRUE
