K,logLik,df,AIC,BIC,entropy,converged
2,-7872.996808826061,35,15815.993617652122,15984.77052632384,0.5971051140364811,TRUE
3,-7853.0651208134295,53,15812.130241626859,16067.706703329744,0.7407493860374104,TRUE
4,-7833.590494614931,71,15809.180989229862,16151.557003963917,0.6377330784018992,TRUE
5,-7815.08438636149,89,15808.16877272298,16237.344340488204,0.6729643303821601,TRUE
6,-7799.062755226692,107,15812.125510453385,16328.100631249778,0.7061353871226468,TRUE
