para_uid,topic,topic_label,topic_description,proposition,text,human_label,coder_notes,source
A00026-06,13,Topic 13 theme,Paragraphs about theme 13.,Programs related to theme 13 should be expanded.,t22term2 t22term8 t22term5 t22term2 t22term1 t22term7 t22term10 t22term6 t22term5 t22term3 t22term6 t22term7 t22term9 t22term3 common40 common15 common14 common15 common28 common30 common20 common13 common35 common8,oppose,NA,SIMULATED
A00035-12,13,Topic 13 theme,Paragraphs about theme 13.,Programs related to theme 13 should be expanded.,t22term4 t22term8 t22term12 t22term9 t22term7 t22term9 t22term9 t22term9 t22term6 t22term1 t22term1 t22term6 t22term5 t22term10 common18 common17 common6 common13 common33 common24 common34 common24 common5 common31,oppose,NA,SIMULATED
A00042-07,13,Topic 13 theme,Paragraphs about theme 13.,Programs related to theme 13 should be expanded.,t22term5 t22term7 t22term2 t22term10 t22term1 t22term9 t22term12 t22term9 t22term12 t22term5 t22term1 t22term8 t22term2 t22term9 common36 common24 common19 common23 common23 common3 common1 common14 common22 common29,oppose,NA,SIMULATED
A00047-03,13,Topic 13 theme,Paragraphs about theme 13.,Programs related to theme 13 should be expanded.,t22term5 t22term7 t22term10 t22term4 t22term3 t22term8 t22term6 t22term11 t22term10 t22term6 t22term1 t22term2 t22term7 t22term6 common31 common20 common19 common26 common21 common17 common12 common28 common5 common11,oppose,NA,SIMULATED
A00071-01,13,Topic 13 theme,Paragraphs about theme 13.,Programs related to theme 13 should be expanded.,t22term11 t22term5 t22term11 t22term7 t22term2 t22term1 t22term9 t22term2 t22term2 t22term7 t22term7 t22term11 t22term8 t22term1 common17 common32 common32 common24 common36 common34 common18 common20 common40 common1,oppose,NA,SIMULATED
A00081-09,13,Topic 13 theme,Paragraphs about theme 13.,Programs related to theme 13 should be expanded.,t22term9 t22term5 t22term4 t22term7 t22term3 t22term1 t22term9 t22term6 t22term11 t22term9 t22term5 t22term4 t22term9 t22term8 common21 common29 common18 common26 common2 common30 common18 common23 common24 common21,oppose,NA,SIMULATED
A00117-01,13,Topic 13 theme,Paragraphs about theme 13.,Programs related to theme 13 should be expanded.,t22term11 t22term9 t22term10 t22term5 t22term9 t22term6 t22term4 t22term6 t22term2 t22term7 t22term6 t22term5 t22term8 t22term12 common19 common23 common1 common28 common19 common40 common27 common7 common7 common9,oppose,NA,SIMULATED
A00131-02,13,Topic 13 theme,Paragraphs about theme 13.,Programs related to theme 13 should be expanded.,t22term5 t22term9 t22term11 t22term7 t22term1 t22term7 t22term6 t22term8 t22term12 t22term5 t22term6 t22term6 t22term10 t22term1 common31 common19 common18 common9 common24 common37 common14 common18 common10 common7,oppose,NA,SIMULATED
A00144-05,13,Topic 13 theme,Paragraphs about theme 13.,Programs related to theme 13 should be expanded.,t22term10 t22term3 t22term1 t22term5 t22term8 t22term8 t22term2 t22term12 t22term4 t22term2 t22term8 t22term7 t22term4 t22term4 common26 common23 common30 common8 common3 common6 common33 common21 common19 common2,oppose,NA,SIMULATED
A00151-07,13,Topic 13 theme,Paragraphs about theme 13.,Programs related to theme 13 should be expanded.,t22term4 t22term4 t22term7 t22term11 t22term10 t22term9 t22term8 t22term1 t22term12 t22term10 t22term2 t22term7 t22term4 t22term7 common39 common28 common26 common26 common2 common12 common34 common40 common24 common34,oppose,NA,SIMULATED
A00156-03,13,Topic 13 theme,Paragraphs about theme 13.,Programs related to theme 13 should be expanded.,t22term4 t22term9 t22term11 t22term11 t22term12 t22term3 t22term7 t22term7 t22term9 t22term8 t22term2 t22term11 t22term6 t22term11 common29 common16 common22 common32 common26 common39 common6 common31 common40 common27,oppose,NA,SIMULATED
A00188-04,13,Topic 13 theme,Paragraphs about theme 13.,Programs related to theme 13 should be expanded.,t22term5 t22term1 t22term4 t22term3 t22term5 t22term5 t22term2 t22term6 t22term12 t22term12 t22term10 t22term8 t22term10 t22term7 common5 common31 common27 common21 common30 common39 common14 common35 common23 common36,oppose,NA,SIMULATED
A00188-08,13,Topic 13 theme,Paragraphs about theme 13.,Programs related to theme 13 should be expanded.,t22term5 t22term9 t22term8 t22term3 t22term7 t22term11 t22term9 t22term5 t22term5 t22term12 t22term8 t22term7 t22term6 t22term3 common22 common8 common8 common19 common27 common6 common28 common3 common16 common26,oppose,NA,SIMULATED
A00189-03,13,Topic 13 theme,Paragraphs about theme 13.,Programs related to theme 13 should be expanded.,t22term7 t22term2 t22term2 t22term12 t22term4 t22term12 t22term2 t22term9 t22term5 t22term10 t22term11 t22term6 t22term3 t22term3 common37 common33 common4 common11 common17 common21 common20 common19 common17 common12,oppose,NA,SIMULATED
A00189-09,13,Topic 13 theme,Paragraphs about theme 13.,Programs related to theme 13 should be expanded.,t22term1 t22term9 t22term11 t22term4 t22term3 t22term11 t22term8 t22term10 t22term8 t22term12 t22term3 t22term3 t22term6 t22term1 common7 common3 common31 common1 common16 common34 common38 common13 common12 common36,oppose,NA,SIMULATED
A00192-08,13,Topic 13 theme,Paragraphs about theme 13.,Programs related to theme 13 should be expanded.,t22term8 t22term5 t22term10 t22term2 t22term6 t22term5 t22term9 t22term3 t22term12 t22term3 t22term6 t22term7 t22term12 t22term12 common12 common19 common33 common36 common40 common15 common22 common32 common14 common12,oppose,NA,SIMULATED
A00228-01,13,Topic 13 theme,Paragraphs about theme 13.,Programs related to theme 13 should be expanded.,t22term12 t22term8 t22term12 t22term12 t22term4 t22term5 t22term5 t22term5 t22term2 t22term12 t22term10 t22term5 t22term7 t22term7 common37 common30 common12 common32 common4 common14 common13 common27 common30 common3,neutral,NA,SIMULATED
A00232-08,13,Topic 13 theme,Paragraphs about theme 13.,Programs related to theme 13 should be expanded.,t22term2 t22term12 t22term5 t22term5 t22term2 t22term12 t22term5 t22term4 t22term11 t22term5 t22term4 t22term9 t22term10 t22term10 common8 common18 common16 common34 common12 common10 common13 common16 common38 common4,oppose,NA,SIMULATED
A00255-09,13,Topic 13 theme,Paragraphs about theme 13.,Programs related to theme 13 should be expanded.,t22term10 t22term5 t22term2 t22term9 t22term11 t22term1 t22term2 t22term11 t22term5 t22term5 t22term5 t22term4 t22term5 t22term11 common7 common4 common39 common23 common39 common22 common21 common12 common13 common27,oppose,NA,SIMULATED
A00258-01,13,Topic 13 theme,Paragraphs about theme 13.,Programs related to theme 13 should be expanded.,t22term11 t22term8 t22term4 t22term3 t22term8 t22term5 t22term5 t22term7 t22term5 t22term12 t22term7 t22term6 t22term9 t22term12 common15 common17 common14 common16 common33 common20 common25 common39 common10 common27,oppose,NA,SIMULATED
A00266-08,13,Topic 13 theme,Paragraphs about theme 13.,Programs related to theme 13 should be expanded.,t22term5 t22term4 t22term1 t22term5 t22term3 t22term8 t22term8 t22term9 t22term7 t22term8 t22term2 t22term3 t22term1 t22term10 common36 common34 common5 common32 common13 common36 common35 common18 common3 common37,oppose,NA,SIMULATED
A00289-04,13,Topic 13 theme,Paragraphs about theme 13.,Programs related to theme 13 should be expanded.,t22term2 t22term8 t22term3 t22term8 t22term5 t22term12 t22term11 t22term8 t22term3 t22term5 t22term6 t22term11 t22term6 t22term7 common11 common35 common40 common18 common35 common14 common17 common16 common18 common38,favor,NA,SIMULATED
A00302-10,13,Topic 13 theme,Paragraphs about theme 13.,Programs related to theme 13 should be expanded.,t22term6 t22term5 t22term12 t22term7 t22term10 t22term10 t22term5 t22term8 t22term5 t22term9 t22term1 t22term7 t22term11 t22term11 common36 common8 common2 common8 common15 common20 common4 common22 common9 common39,oppose,NA,SIMULATED
A00317-03,13,Topic 13 theme,Paragraphs about theme 13.,Programs related to theme 13 should be expanded.,t22term5 t22term3 t22term11 t22term1 t22term5 t22term4 t22term4 t22term3 t22term9 t22term8 t22term1 t22term5 t22term8 t22term6 common11 common14 common18 common10 common12 common15 common16 common3 common4 common15,oppose,NA,SIMULATED
A00328-03,13,Topic 13 theme,Paragraphs about theme 13.,Programs related to theme 13 should be expanded.,t22term1 t22term11 t22term9 t22term5 t22term10 t22term3 t22term9 t22term2 t22term8 t22term6 t22term9 t22term10 t22term5 t22term3 common6 common18 common21 common12 common17 common23 common18 common19 common27 common11,oppose,NA,SIMULATED
A00328-08,13,Topic 13 theme,Paragraphs about theme 13.,Programs related to theme 13 should be expanded.,t22term8 t22term6 t22term8 t22term9 t22term9 t22term4 t22term11 t22term11 t22term11 t22term7 t22term8 t22term10 t22term3 t22term10 common34 common12 common9 common18 common23 common6 common3 common29 common35 common5,oppose,NA,SIMULATED
A00329-07,13,Topic 13 theme,Paragraphs about theme 13.,Programs related to theme 13 should be expanded.,t22term7 t22term10 t22term8 t22term5 t22term7 t22term6 t22term8 t22term5 t22term9 t22term2 t22term5 t22term1 t22term5 t22term8 common39 common33 common24 common8 common23 common7 common18 common22 common24 common34,favor,NA,SIMULATED
A00339-02,13,Topic 13 theme,Paragraphs about theme 13.,Programs related to theme 13 should be expanded.,t22term4 t22term9 t22term8 t22term4 t22term11 t22term3 t22term2 t22term1 t22term6 t22term12 t22term10 t22term4 t22term10 t22term2 common1 common17 common29 common10 common36 common34 common18 common1 common11 common5,irrelevant,NA,SIMULATED
A00342-08,13,Topic 13 theme,Paragraphs about theme 13.,Programs related to theme 13 should be expanded.,t22term8 t22term8 t22term8 t22term5 t22term2 t22term1 t22term10 t22term6 t22term4 t22term8 t22term7 t22term3 t22term6 t22term6 common24 common13 common34 common4 common11 common5 common29 common6 common13 common11,irrelevant,NA,SIMULATED
A00357-09,13,Topic 13 theme,Paragraphs about theme 13.,Programs related to theme 13 should be expanded.,t22term2 t22term6 t22term5 t22term11 t22term6 t22term10 t22term7 t22term6 t22term2 t22term9 t22term10 t22term7 t22term11 t22term3 common2 common31 common3 common35 common22 common21 common4 common26 common9 common22,favor,NA,SIMULATED
A00360-01,13,Topic 13 theme,Paragraphs about theme 13.,Programs related to theme 13 should be expanded.,t22term10 t22term6 t22term8 t22term5 t22term12 t22term8 t22term7 t22term8 t22term9 t22term8 t22term1 t22term5 t22term9 t22term12 common18 common24 common24 common4 common30 common26 common24 common1 common27 common31,oppose,NA,SIMULATED
A00360-03,13,Topic 13 theme,Paragraphs about theme 13.,Programs related to theme 13 should be expanded.,t22term10 t22term3 t22term7 t22term5 t22term11 t22term5 t22term6 t22term10 t22term9 t22term4 t22term10 t22term2 t22term3 t22term12 common36 common28 common15 common40 common31 common36 common12 common2 common27 common26,neutral,NA,SIMULATED
A00360-04,13,Topic 13 theme,Paragraphs about theme 13.,Programs related to theme 13 should be expanded.,t22term12 t22term5 t22term5 t22term2 t22term8 t22term3 t22term4 t22term12 t22term4 t22term5 t22term9 t22term12 t22term10 t22term12 common8 common27 common2 common30 common10 common8 common13 common24 common24 common22,oppose,NA,SIMULATED
A00375-04,13,Topic 13 theme,Paragraphs about theme 13.,Programs related to theme 13 should be expanded.,t22term1 t22term4 t22term8 t22term12 t22term6 t22term2 t22term9 t22term3 t22term10 t22term12 t22term5 t22term5 t22term2 t22term12 common30 common9 common9 common34 common32 common35 common4 common37 common30 common20,oppose,NA,SIMULATED
A00381-04,13,Topic 13 theme,Paragraphs about theme 13.,Programs related to theme 13 should be expanded.,t22term10 t22term11 t22term8 t22term10 t22term10 t22term10 t22term9 t22term7 t22term7 t22term12 t22term4 t22term12 t22term4 t22term12 common38 common8 common22 common8 common31 common32 common30 common39 common25 common21,neutral,NA,SIMULATED
A00381-06,13,Topic 13 theme,Paragraphs about theme 13.,Programs related to theme 13 should be expanded.,t22term4 t22term1 t22term9 t22term10 t22term10 t22term9 t22term11 t22term7 t22term9 t22term10 t22term7 t22term8 t22term7 t22term5 common25 common30 common11 common27 common32 common6 common15 common20 common26 common12,favor,NA,SIMULATED
A00402-02,13,Topic 13 theme,Paragraphs about theme 13.,Programs related to theme 13 should be expanded.,t22term3 t22term7 t22term3 t22term7 t22term3 t22term4 t22term2 t22term7 t22term4 t22term10 t22term4 t22term2 t22term1 t22term6 common21 common8 common24 common2 common4 common35 common6 common21 common38 common34,oppose,NA,SIMULATED
A00424-02,13,Topic 13 theme,Paragraphs about theme 13.,Programs related to theme 13 should be expanded.,t22term12 t22term6 t22term11 t22term2 t22term11 t22term8 t22term4 t22term2 t22term2 t22term11 t22term10 t22term12 t22term5 t22term10 common17 common15 common36 common20 common11 common25 common7 common13 common37 common12,oppose,NA,SIMULATED
A00425-01,13,Topic 13 theme,Paragraphs about theme 13.,Programs related to theme 13 should be expanded.,t22term3 t22term12 t22term6 t22term7 t22term6 t22term8 t22term1 t22term3 t22term1 t22term4 t22term2 t22term3 t22term7 t22term12 common28 common11 common28 common12 common3 common28 common8 common2 common32 common35,favor,NA,SIMULATED
A00428-08,13,Topic 13 theme,Paragraphs about theme 13.,Programs related to theme 13 should be expanded.,t22term11 t22term5 t22term1 t22term2 t22term9 t22term12 t22term7 t22term1 t22term9 t22term4 t22term10 t22term11 t22term9 t22term5 common31 common6 common38 common18 common34 common15 common36 common32 common9 common17,oppose,NA,SIMULATED
A00439-05,13,Topic 13 theme,Paragraphs about theme 13.,Programs related to theme 13 should be expanded.,t22term8 t22term5 t22term7 t22term2 t22term10 t22term2 t22term12 t22term9 t22term11 t22term12 t22term4 t22term3 t22term10 t22term8 common39 common37 common10 common19 common21 common5 common20 common2 common32 common3,oppose,NA,SIMULATED
A00462-07,13,Topic 13 theme,Paragraphs about theme 13.,Programs related to theme 13 should be expanded.,t22term8 t22term11 t22term7 t22term11 t22term5 t22term9 t22term5 t22term9 t22term7 t22term4 t22term7 t22term9 t22term10 t22term11 common34 common27 common28 common23 common37 common15 common4 common38 common30 common25,favor,NA,SIMULATED
A00490-02,13,Topic 13 theme,Paragraphs about theme 13.,Programs related to theme 13 should be expanded.,t22term9 t22term1 t22term11 t22term3 t22term6 t22term10 t22term5 t22term4 t22term8 t22term11 t22term10 t22term4 t22term8 t22term3 common26 common9 common19 common26 common22 common31 common8 common3 common14 common14,oppose,NA,SIMULATED
A00490-07,13,Topic 13 theme,Paragraphs about theme 13.,Programs related to theme 13 should be expanded.,t22term6 t22term5 t22term5 t22term7 t22term5 t22term8 t22term1 t22term2 t22term8 t22term4 t22term1 t22term4 t22term5 t22term1 common35 common24 common28 common12 common37 common29 common16 common29 common8 common26,oppose,NA,SIMULATED
A00495-02,13,Topic 13 theme,Paragraphs about theme 13.,Programs related to theme 13 should be expanded.,t22term12 t22term6 t22term11 t22term1 t22term3 t22term2 t22term9 t22term10 t22term12 t22term7 t22term7 t22term11 t22term12 t22term1 common34 common39 common35 common15 common13 common38 common4 common37 common12 common35,favor,NA,SIMULATED
A00498-05,13,Topic 13 theme,Paragraphs about theme 13.,Programs related to theme 13 should be expanded.,t22term6 t22term4 t22term8 t22term7 t22term7 t22term3 t22term1 t22term5 t22term8 t22term5 t22term6 t22term8 t22term9 t22term4 common38 common25 common19 common27 common25 common38 common32 common9 common26 common17,oppose,NA,SIMULATED
A00509-04,13,Topic 13 theme,Paragraphs about theme 13.,Programs related to theme 13 should be expanded.,t22term9 t22term2 t22term9 t22term12 t22term10 t22term5 t22term4 t22term5 t22term12 t22term10 t22term11 t22term1 t22term8 t22term5 common4 common14 common15 common39 common39 common38 common25 common16 common11 common22,neutral,NA,SIMULATED
A00527-06,13,Topic 13 theme,Paragraphs about theme 13.,Programs related to theme 13 should be expanded.,t22term8 t22term2 t22term10 t22term6 t22term2 t22term9 t22term12 t22term10 t22term5 t22term5 t22term5 t22term1 t22term2 t22term10 common13 common24 common19 common38 common10 common25 common22 common6 common14 common17,oppose,NA,SIMULATED
A00541-08,13,Topic 13 theme,Paragraphs about theme 13.,Programs related to theme 13 should be expanded.,t22term9 t22term4 t22term12 t22term7 t22term10 t22term11 t22term1 t22term9 t22term12 t22term7 t22term9 t22term11 t22term11 t22term3 common32 common24 common3 common28 common24 common24 common9 common26 common23 common7,neutral,NA,SIMULATED
A00545-03,13,Topic 13 theme,Paragraphs about theme 13.,Programs related to theme 13 should be expanded.,t22term11 t22term3 t22term9 t22term12 t22term2 t22term8 t22term3 t22term3 t22term2 t22term10 t22term3 t22term5 t22term9 t22term4 common3 common28 common17 common1 common36 common34 common19 common30 common30 common14,irrelevant,NA,SIMULATED
A00563-03,13,Topic 13 theme,Paragraphs about theme 13.,Programs related to theme 13 should be expanded.,t22term12 t22term8 t22term10 t22term7 t22term2 t22term7 t22term8 t22term9 t22term1 t22term10 t22term11 t22term6 t22term10 t22term1 common13 common27 common39 common16 common38 common21 common23 common23 common23 common31,oppose,NA,SIMULATED
A00582-12,13,Topic 13 theme,Paragraphs about theme 13.,Programs related to theme 13 should be expanded.,t22term2 t22term5 t22term4 t22term8 t22term1 t22term7 t22term4 t22term4 t22term5 t22term7 t22term3 t22term5 t22term7 t22term11 common31 common5 common2 common21 common3 common2 common39 common38 common27 common21,neutral,NA,SIMULATED
A00583-06,13,Topic 13 theme,Paragraphs about theme 13.,Programs related to theme 13 should be expanded.,t22term7 t22term12 t22term4 t22term7 t22term11 t22term1 t22term10 t22term5 t22term7 t22term12 t22term1 t22term1 t22term8 t22term1 common20 common22 common33 common36 common6 common32 common29 common21 common38 common26,neutral,NA,SIMULATED
A00595-03,13,Topic 13 theme,Paragraphs about theme 13.,Programs related to theme 13 should be expanded.,t22term12 t22term2 t22term3 t22term2 t22term6 t22term5 t22term7 t22term6 t22term12 t22term12 t22term10 t22term10 t22term5 t22term10 common6 common17 common3 common27 common38 common29 common22 common1 common15 common31,neutral,NA,SIMULATED
A00605-01,13,Topic 13 theme,Paragraphs about theme 13.,Programs related to theme 13 should be expanded.,t22term12 t22term5 t22term1 t22term4 t22term6 t22term7 t22term6 t22term4 t22term1 t22term10 t22term7 t22term2 t22term9 t22term10 common19 common40 common35 common8 common19 common3 common22 common6 common13 common2,oppose,NA,SIMULATED
A00611-03,13,Topic 13 theme,Paragraphs about theme 13.,Programs related to theme 13 should be expanded.,t22term4 t22term6 t22term1 t22term8 t22term7 t22term6 t22term11 t22term5 t22term7 t22term3 t22term9 t22term7 t22term6 t22term12 common37 common37 common33 common1 common9 common36 common35 common5 common16 common6,oppose,NA,SIMULATED
A00611-10,13,Topic 13 theme,Paragraphs about theme 13.,Programs related to theme 13 should be expanded.,t22term5 t22term10 t22term1 t22term8 t22term5 t22term1 t22term4 t22term7 t22term8 t22term4 t22term6 t22term2 t22term12 t22term4 common11 common31 common32 common8 common1 common1 common30 common3 common32 common35,favor,NA,SIMULATED
A00615-05,13,Topic 13 theme,Paragraphs about theme 13.,Programs related to theme 13 should be expanded.,t22term10 t22term4 t22term8 t22term8 t22term9 t22term11 t22term1 t22term8 t22term11 t22term11 t22term9 t22term11 t22term11 t22term1 common10 common8 common12 common19 common34 common17 common29 common21 common23 common27,oppose,NA,SIMULATED
A00624-05,13,Topic 13 theme,Paragraphs about theme 13.,Programs related to theme 13 should be expanded.,t22term10 t22term1 t22term4 t22term7 t22term9 t22term11 t22term7 t22term4 t22term5 t22term5 t22term3 t22term4 t22term8 t22term4 common30 common29 common2 common23 common35 common25 common37 common23 common25 common35,oppose,NA,SIMULATED
A00637-04,13,Topic 13 theme,Paragraphs about theme 13.,Programs related to theme 13 should be expanded.,t22term8 t22term12 t22term10 t22term10 t22term10 t22term1 t22term7 t22term12 t22term9 t22term4 t22term7 t22term1 t22term2 t22term9 common39 common24 common31 common15 common4 common37 common2 common36 common2 common22,neutral,NA,SIMULATED
A00650-02,13,Topic 13 theme,Paragraphs about theme 13.,Programs related to theme 13 should be expanded.,t22term7 t22term2 t22term11 t22term1 t22term12 t22term2 t22term10 t22term10 t22term12 t22term6 t22term9 t22term10 t22term10 t22term9 common28 common27 common34 common15 common25 common23 common27 common20 common19 common25,oppose,NA,SIMULATED
A00654-05,13,Topic 13 theme,Paragraphs about theme 13.,Programs related to theme 13 should be expanded.,t22term6 t22term2 t22term11 t22term8 t22term3 t22term5 t22term9 t22term10 t22term1 t22term11 t22term5 t22term10 t22term8 t22term1 common21 common33 common11 common25 common37 common19 common15 common16 common18 common26,oppose,NA,SIMULATED
A00660-03,13,Topic 13 theme,Paragraphs about theme 13.,Programs related to theme 13 should be expanded.,t22term1 t22term5 t22term6 t22term5 t22term7 t22term4 t22term7 t22term11 t22term6 t22term11 t22term9 t22term1 t22term11 t22term8 common15 common24 common39 common18 common3 common22 common38 common37 common32 common12,oppose,NA,SIMULATED
A00660-04,13,Topic 13 theme,Paragraphs about theme 13.,Programs related to theme 13 should be expanded.,t22term10 t22term2 t22term12 t22term12 t22term1 t22term7 t22term11 t22term2 t22term8 t22term1 t22term12 t22term8 t22term11 t22term5 common3 common19 common16 common25 common20 common30 common14 common37 common35 common6,oppose,NA,SIMULATED
A00675-02,13,Topic 13 theme,Paragraphs about theme 13.,Programs related to theme 13 should be expanded.,t22term4 t22term8 t22term12 t22term7 t22term10 t22term1 t22term4 t22term8 t22term8 t22term10 t22term6 t22term10 t22term11 t22term4 common32 common27 common24 common20 common26 common18 common3 common37 common22 common19,oppose,NA,SIMULATED
A00675-03,13,Topic 13 theme,Paragraphs about theme 13.,Programs related to theme 13 should be expanded.,t22term2 t22term7 t22term10 t22term11 t22term10 t22term12 t22term10 t22term1 t22term5 t22term8 t22term10 t22term5 t22term4 t22term2 common2 common31 common2 common9 common35 common25 common25 common22 common38 common28,oppose,NA,SIMULATED
A00690-04,13,Topic 13 theme,Paragraphs about theme 13.,Programs related to theme 13 should be expanded.,t22term9 t22term4 t22term4 t22term11 t22term1 t22term4 t22term4 t22term7 t22term9 t22term2 t22term7 t22term5 t22term2 t22term11 common12 common4 common20 common25 common8 common9 common26 common38 common20 common15,favor,NA,SIMULATED
A00699-06,13,Topic 13 theme,Paragraphs about theme 13.,Programs related to theme 13 should be expanded.,t22term1 t22term9 t22term5 t22term8 t22term8 t22term7 t22term8 t22term6 t22term3 t22term8 t22term4 t22term5 t22term1 t22term4 common32 common13 common39 common24 common18 common17 common29 common6 common12 common11,oppose,NA,SIMULATED
A00717-02,13,Topic 13 theme,Paragraphs about theme 13.,Programs related to theme 13 should be expanded.,t22term6 t22term10 t22term1 t22term10 t22term9 t22term8 t22term1 t22term5 t22term9 t22term5 t22term8 t22term9 t22term12 t22term2 common33 common5 common30 common38 common11 common14 common2 common11 common1 common33,oppose,NA,SIMULATED
A00722-09,13,Topic 13 theme,Paragraphs about theme 13.,Programs related to theme 13 should be expanded.,t22term11 t22term5 t22term7 t22term9 t22term9 t22term8 t22term7 t22term9 t22term9 t22term2 t22term9 t22term4 t22term1 t22term4 common14 common27 common35 common39 common1 common25 common9 common35 common6 common7,oppose,NA,SIMULATED
A00723-07,13,Topic 13 theme,Paragraphs about theme 13.,Programs related to theme 13 should be expanded.,t22term1 t22term9 t22term3 t22term8 t22term8 t22term6 t22term2 t22term6 t22term3 t22term6 t22term5 t22term9 t22term1 t22term10 common32 common29 common36 common21 common35 common5 common38 common37 common19 common38,oppose,NA,SIMULATED
A00723-08,13,Topic 13 theme,Paragraphs about theme 13.,Programs related to theme 13 should be expanded.,t22term1 t22term9 t22term5 t22term3 t22term3 t22term11 t22term10 t22term9 t22term12 t22term6 t22term12 t22term11 t22term11 t22term3 common12 common21 common20 common38 common27 common8 common12 common18 common3 common12,oppose,NA,SIMULATED
A00728-03,13,Topic 13 theme,Paragraphs about theme 13.,Programs related to theme 13 should be expanded.,t22term1 t22term11 t22term11 t22term5 t22term9 t22term5 t22term12 t22term9 t22term7 t22term11 t22term4 t22term11 t22term3 t22term9 common24 common39 common19 common1 common2 common27 common28 common14 common4 common29,oppose,NA,SIMULATED
A00748-03,13,Topic 13 theme,Paragraphs about theme 13.,Programs related to theme 13 should be expanded.,t22term7 t22term4 t22term5 t22term6 t22term6 t22term4 t22term3 t22term8 t22term8 t22term9 t22term1 t22term3 t22term12 t22term6 common21 common13 common27 common21 common35 common11 common23 common21 common20 common20,oppose,NA,SIMULATED
A00759-05,13,Topic 13 theme,Paragraphs about theme 13.,Programs related to theme 13 should be expanded.,t22term1 t22term1 t22term7 t22term9 t22term9 t22term4 t22term2 t22term9 t22term12 t22term11 t22term10 t22term11 t22term8 t22term9 common39 common10 common34 common18 common36 common17 common12 common13 common30 common35,neutral,NA,SIMULATED
A00763-04,13,Topic 13 theme,Paragraphs about theme 13.,Programs related to theme 13 should be expanded.,t22term5 t22term5 t22term12 t22term2 t22term4 t22term2 t22term7 t22term9 t22term3 t22term3 t22term12 t22term4 t22term6 t22term2 common28 common22 common35 common39 common12 common10 common25 common9 common2 common18,oppose,NA,SIMULATED
A00782-04,13,Topic 13 theme,Paragraphs about theme 13.,Programs related to theme 13 should be expanded.,t22term1 t22term1 t22term10 t22term11 t22term10 t22term1 t22term5 t22term7 t22term5 t22term11 t22term3 t22term12 t22term6 t22term3 common19 common40 common17 common35 common11 common26 common38 common27 common22 common11,oppose,NA,SIMULATED
A00785-08,13,Topic 13 theme,Paragraphs about theme 13.,Programs related to theme 13 should be expanded.,t22term2 t22term12 t22term7 t22term6 t22term1 t22term8 t22term3 t22term3 t22term10 t22term12 t22term8 t22term10 t22term5 t22term4 common4 common12 common17 common13 common8 common21 common32 common4 common11 common30,oppose,NA,SIMULATED
A00785-09,13,Topic 13 theme,Paragraphs about theme 13.,Programs related to theme 13 should be expanded.,t22term5 t22term3 t22term10 t22term12 t22term8 t22term7 t22term5 t22term12 t22term3 t22term4 t22term12 t22term11 t22term10 t22term9 common4 common10 common30 common16 common9 common31 common24 common31 common12 common21,oppose,NA,SIMULATED
A00796-01,13,Topic 13 theme,Paragraphs about theme 13.,Programs related to theme 13 should be expanded.,t22term11 t22term12 t22term3 t22term1 t22term3 t22term12 t22term5 t22term1 t22term4 t22term3 t22term2 t22term10 t22term9 t22term2 common6 common25 common36 common9 common10 common23 common37 common39 common33 common33,oppose,NA,SIMULATED
A00815-02,13,Topic 13 theme,Paragraphs about theme 13.,Programs related to theme 13 should be expanded.,t22term7 t22term1 t22term2 t22term6 t22term3 t22term5 t22term11 t22term9 t22term12 t22term4 t22term5 t22term9 t22term10 t22term7 common18 common12 common21 common35 common38 common12 common3 common37 common33 common21,oppose,NA,SIMULATED
A00819-07,13,Topic 13 theme,Paragraphs about theme 13.,Programs related to theme 13 should be expanded.,t22term3 t22term5 t22term2 t22term9 t22term8 t22term2 t22term11 t22term3 t22term9 t22term8 t22term2 t22term9 t22term7 t22term4 common39 common1 common13 common29 common7 common3 common8 common13 common37 common28,neutral,NA,SIMULATED
A00821-01,13,Topic 13 theme,Paragraphs about theme 13.,Programs related to theme 13 should be expanded.,t22term6 t22term12 t22term4 t22term9 t22term2 t22term10 t22term5 t22term11 t22term12 t22term9 t22term10 t22term10 t22term8 t22term9 common22 common27 common2 common21 common22 common37 common39 common6 common30 common27,oppose,NA,SIMULATED
A00821-04,13,Topic 13 theme,Paragraphs about theme 13.,Programs related to theme 13 should be expanded.,t22term5 t22term7 t22term4 t22term6 t22term11 t22term2 t22term8 t22term2 t22term12 t22term9 t22term4 t22term9 t22term5 t22term8 common28 common38 common11 common7 common25 common26 common13 common36 common34 common1,oppose,NA,SIMULATED
A00849-03,13,Topic 13 theme,Paragraphs about theme 13.,Programs related to theme 13 should be expanded.,t22term11 t22term7 t22term9 t22term10 t22term6 t22term4 t22term4 t22term6 t22term11 t22term8 t22term4 t22term11 t22term5 t22term12 common18 common29 common19 common31 common36 common3 common17 common13 common1 common10,irrelevant,NA,SIMULATED
A00878-02,13,Topic 13 theme,Paragraphs about theme 13.,Programs related to theme 13 should be expanded.,t22term6 t22term10 t22term11 t22term11 t22term5 t22term4 t22term9 t22term6 t22term4 t22term4 t22term10 t22term4 t22term12 t22term9 common28 common10 common2 common30 common32 common18 common4 common27 common13 common15,favor,NA,SIMULATED
A00883-04,13,Topic 13 theme,Paragraphs about theme 13.,Programs related to theme 13 should be expanded.,t22term12 t22term2 t22term2 t22term11 t22term2 t22term5 t22term11 t22term3 t22term6 t22term1 t22term3 t22term7 t22term5 t22term10 common23 common17 common33 common26 common15 common28 common18 common17 common12 common16,favor,NA,SIMULATED
A00891-05,13,Topic 13 theme,Paragraphs about theme 13.,Programs related to theme 13 should be expanded.,t22term2 t22term2 t22term11 t22term4 t22term5 t22term9 t22term12 t22term12 t22term9 t22term10 t22term6 t22term4 t22term4 t22term1 common32 common38 common12 common6 common14 common3 common14 common39 common2 common18,neutral,NA,SIMULATED
A00895-01,13,Topic 13 theme,Paragraphs about theme 13.,Programs related to theme 13 should be expanded.,t22term4 t22term5 t22term1 t22term8 t22term1 t22term1 t22term3 t22term8 t22term1 t22term11 t22term9 t22term3 t22term2 t22term3 common19 common12 common3 common27 common30 common23 common30 common33 common37 common2,oppose,NA,SIMULATED
A00923-03,13,Topic 13 theme,Paragraphs about theme 13.,Programs related to theme 13 should be expanded.,t22term5 t22term1 t22term1 t22term12 t22term2 t22term7 t22term2 t22term6 t22term11 t22term3 t22term9 t22term4 t22term1 t22term7 common17 common25 common32 common5 common35 common27 common8 common32 common27 common29,oppose,NA,SIMULATED
A00938-10,13,Topic 13 theme,Paragraphs about theme 13.,Programs related to theme 13 should be expanded.,t22term6 t22term9 t22term7 t22term8 t22term11 t22term12 t22term4 t22term1 t22term11 t22term9 t22term10 t22term2 t22term7 t22term1 common4 common36 common14 common8 common20 common12 common22 common2 common35 common15,favor,NA,SIMULATED
A00944-01,13,Topic 13 theme,Paragraphs about theme 13.,Programs related to theme 13 should be expanded.,t22term2 t22term3 t22term1 t22term4 t22term8 t22term3 t22term9 t22term11 t22term3 t22term4 t22term11 t22term12 t22term11 t22term4 common38 common15 common38 common7 common15 common24 common30 common23 common40 common16,oppose,NA,SIMULATED
A00952-04,13,Topic 13 theme,Paragraphs about theme 13.,Programs related to theme 13 should be expanded.,t22term11 t22term11 t22term10 t22term11 t22term8 t22term8 t22term5 t22term1 t22term3 t22term12 t22term6 t22term8 t22term10 t22term1 common38 common17 common36 common37 common14 common8 common1 common16 common33 common10,oppose,NA,SIMULATED
A00970-04,13,Topic 13 theme,Paragraphs about theme 13.,Programs related to theme 13 should be expanded.,t22term6 t22term11 t22term6 t22term1 t22term12 t22term2 t22term3 t22term1 t22term12 t22term6 t22term9 t22term4 t22term1 t22term11 common36 common34 common30 common18 common8 common24 common4 common19 common31 common22,irrelevant,NA,SIMULATED
A00981-05,13,Topic 13 theme,Paragraphs about theme 13.,Programs related to theme 13 should be expanded.,t22term9 t22term10 t22term8 t22term11 t22term12 t22term10 t22term10 t22term6 t22term10 t22term5 t22term10 t22term5 t22term10 t22term3 common7 common40 common3 common18 common13 common4 common13 common30 common26 common3,favor,NA,SIMULATED
A00987-01,13,Topic 13 theme,Paragraphs about theme 13.,Programs related to theme 13 should be expanded.,t22term10 t22term12 t22term8 t22term7 t22term3 t22term4 t22term8 t22term6 t22term9 t22term4 t22term7 t22term10 t22term12 t22term1 common3 common16 common33 common9 common27 common28 common19 common30 common23 common34,favor,NA,SIMULATED
A00999-10,13,Topic 13 theme,Paragraphs about theme 13.,Programs related to theme 13 should be expanded.,t22term3 t22term3 t22term2 t22term10 t22term8 t22term3 t22term7 t22term6 t22term6 t22term4 t22term9 t22term11 t22term4 t22term2 common25 common10 common35 common32 common40 common40 common26 common35 common16 common23,oppose,NA,SIMULATED
A01019-01,13,Topic 13 theme,Paragraphs about theme 13.,Programs related to theme 13 should be expanded.,t22term7 t22term2 t22term8 t22term7 t22term3 t22term1 t22term8 t22term8 t22term4 t22term5 t22term3 t22term8 t22term3 t22term1 common8 common8 common26 common34 common24 common33 common1 common13 common14 common24,favor,NA,SIMULATED
A01020-01,13,Topic 13 theme,Paragraphs about theme 13.,Programs related to theme 13 should be expanded.,t22term4 t22term8 t22term7 t22term5 t22term4 t22term4 t22term6 t22term1 t22term1 t22term8 t22term4 t22term6 t22term1 t22term2 common10 common12 common25 common20 common39 common28 common39 common15 common20 common17,neutral,NA,SIMULATED
A01022-03,13,Topic 13 theme,Paragraphs about theme 13.,Programs related to theme 13 should be expanded.,t22term4 t22term5 t22term7 t22term5 t22term10 t22term5 t22term6 t22term5 t22term7 t22term11 t22term12 t22term3 t22term8 t22term3 common12 common1 common2 common12 common40 common16 common9 common10 common26 common29,oppose,NA,SIMULATED
A00011-02,22,Topic 22 theme,Paragraphs about theme 22.,Programs related to theme 22 should be expanded.,t2term9 t2term8 t2term9 t2term6 t2term2 t2term5 t2term8 t2term5 t2term4 t2term5 t2term8 t2term2 t2term5 t2term10 common32 common12 common4 common19 common7 common32 common5 common27 common23 common35,favor,NA,SIMULATED
A00014-04,22,Topic 22 theme,Paragraphs about theme 22.,Programs related to theme 22 should be expanded.,t2term4 t2term6 t2term4 t2term5 t2term4 t2term8 t2term5 t2term8 t2term5 t2term11 t2term11 t2term2 t2term5 t2term4 common11 common37 common36 common40 common19 common3 common32 common39 common17 common18,oppose,NA,SIMULATED
A00014-05,22,Topic 22 theme,Paragraphs about theme 22.,Programs related to theme 22 should be expanded.,t2term5 t2term8 t2term11 t2term10 t2term8 t2term12 t2term8 t2term2 t2term4 t2term2 t2term8 t2term2 t2term3 t2term6 common19 common26 common8 common22 common14 common4 common21 common20 common3 common36,neutral,NA,SIMULATED
A00021-02,22,Topic 22 theme,Paragraphs about theme 22.,Programs related to theme 22 should be expanded.,t2term5 t2term7 t2term2 t2term6 t2term3 t2term12 t2term6 t2term12 t2term1 t2term4 t2term3 t2term1 t2term2 t2term8 common6 common36 common29 common11 common34 common20 common22 common37 common2 common9,favor,NA,SIMULATED
A00025-05,22,Topic 22 theme,Paragraphs about theme 22.,Programs related to theme 22 should be expanded.,t2term8 t2term8 t2term1 t2term8 t2term12 t2term11 t2term3 t2term1 t2term4 t2term8 t2term8 t2term5 t2term10 t2term4 common8 common12 common30 common38 common15 common10 common35 common18 common17 common21,favor,NA,SIMULATED
A00041-08,22,Topic 22 theme,Paragraphs about theme 22.,Programs related to theme 22 should be expanded.,t2term12 t2term4 t2term11 t2term12 t2term4 t2term1 t2term5 t2term4 t2term7 t2term7 t2term6 t2term1 t2term6 t2term8 common33 common10 common17 common31 common17 common27 common8 common39 common13 common29,favor,NA,SIMULATED
A00043-03,22,Topic 22 theme,Paragraphs about theme 22.,Programs related to theme 22 should be expanded.,t2term1 t2term11 t2term8 t2term7 t2term9 t2term5 t2term7 t2term2 t2term7 t2term11 t2term10 t2term10 t2term12 t2term8 common27 common33 common39 common3 common34 common16 common14 common40 common28 common14,neutral,NA,SIMULATED
A00052-01,22,Topic 22 theme,Paragraphs about theme 22.,Programs related to theme 22 should be expanded.,t2term6 t2term8 t2term12 t2term6 t2term6 t2term2 t2term1 t2term6 t2term7 t2term12 t2term4 t2term9 t2term3 t2term5 common27 common25 common23 common7 common23 common36 common15 common35 common10 common23,oppose,NA,SIMULATED
A00052-03,22,Topic 22 theme,Paragraphs about theme 22.,Programs related to theme 22 should be expanded.,t2term8 t2term8 t2term6 t2term2 t2term2 t2term7 t2term8 t2term3 t2term10 t2term11 t2term2 t2term6 t2term9 t2term8 common39 common18 common1 common35 common39 common7 common31 common26 common22 common6,neutral,NA,SIMULATED
A00084-01,22,Topic 22 theme,Paragraphs about theme 22.,Programs related to theme 22 should be expanded.,t2term9 t2term9 t2term3 t2term2 t2term12 t2term12 t2term9 t2term2 t2term5 t2term11 t2term12 t2term7 t2term11 t2term9 common40 common33 common23 common31 common35 common25 common1 common25 common38 common19,irrelevant,NA,SIMULATED
A00087-08,22,Topic 22 theme,Paragraphs about theme 22.,Programs related to theme 22 should be expanded.,t2term9 t2term3 t2term4 t2term4 t2term8 t2term12 t2term11 t2term11 t2term7 t2term11 t2term5 t2term10 t2term5 t2term6 common1 common37 common20 common29 common32 common35 common1 common38 common36 common13,irrelevant,NA,SIMULATED
A00091-01,22,Topic 22 theme,Paragraphs about theme 22.,Programs related to theme 22 should be expanded.,t2term4 t2term7 t2term12 t2term7 t2term11 t2term6 t2term2 t2term1 t2term1 t2term5 t2term2 t2term12 t2term11 t2term1 common24 common7 common40 common23 common15 common38 common10 common26 common1 common9,oppose,NA,SIMULATED
A00107-04,22,Topic 22 theme,Paragraphs about theme 22.,Programs related to theme 22 should be expanded.,t2term6 t2term11 t2term4 t2term1 t2term6 t2term11 t2term2 t2term11 t2term10 t2term7 t2term4 t2term7 t2term7 t2term9 common18 common24 common22 common29 common8 common22 common12 common3 common38 common34,favor,NA,SIMULATED
A00115-02,22,Topic 22 theme,Paragraphs about theme 22.,Programs related to theme 22 should be expanded.,t2term8 t2term7 t2term2 t2term6 t2term7 t2term6 t2term11 t2term7 t2term11 t2term2 t2term11 t2term11 t2term3 t2term5 common10 common2 common5 common26 common39 common32 common14 common10 common5 common31,oppose,NA,SIMULATED
A00124-01,22,Topic 22 theme,Paragraphs about theme 22.,Programs related to theme 22 should be expanded.,t2term8 t2term2 t2term5 t2term8 t2term8 t2term10 t2term11 t2term12 t2term7 t2term7 t2term1 t2term6 t2term3 t2term11 common15 common26 common31 common16 common25 common19 common23 common27 common35 common28,favor,NA,SIMULATED
A00158-01,22,Topic 22 theme,Paragraphs about theme 22.,Programs related to theme 22 should be expanded.,t2term9 t2term12 t2term5 t2term5 t2term3 t2term7 t2term12 t2term6 t2term12 t2term8 t2term9 t2term9 t2term1 t2term12 common31 common33 common19 common13 common3 common33 common5 common14 common4 common28,neutral,NA,SIMULATED
A00170-06,22,Topic 22 theme,Paragraphs about theme 22.,Programs related to theme 22 should be expanded.,t2term12 t2term9 t2term10 t2term12 t2term2 t2term8 t2term2 t2term5 t2term2 t2term2 t2term7 t2term11 t2term5 t2term8 common1 common17 common30 common37 common34 common23 common35 common25 common29 common39,oppose,NA,SIMULATED
A00175-08,22,Topic 22 theme,Paragraphs about theme 22.,Programs related to theme 22 should be expanded.,t2term11 t2term10 t2term6 t2term6 t2term7 t2term4 t2term3 t2term4 t2term10 t2term12 t2term11 t2term10 t2term1 t2term3 common33 common35 common3 common12 common35 common1 common25 common3 common14 common20,oppose,NA,SIMULATED
A00176-06,22,Topic 22 theme,Paragraphs about theme 22.,Programs related to theme 22 should be expanded.,t2term8 t2term3 t2term5 t2term7 t2term7 t2term11 t2term8 t2term10 t2term4 t2term3 t2term3 t2term3 t2term8 t2term10 common9 common16 common18 common5 common17 common12 common4 common33 common1 common15,favor,NA,SIMULATED
A00180-03,22,Topic 22 theme,Paragraphs about theme 22.,Programs related to theme 22 should be expanded.,t2term11 t2term5 t2term3 t2term4 t2term7 t2term8 t2term8 t2term1 t2term11 t2term12 t2term12 t2term7 t2term3 t2term10 common24 common28 common4 common22 common5 common30 common25 common1 common32 common21,favor,NA,SIMULATED
A00185-11,22,Topic 22 theme,Paragraphs about theme 22.,Programs related to theme 22 should be expanded.,t2term8 t2term1 t2term7 t2term8 t2term8 t2term12 t2term10 t2term3 t2term3 t2term12 t2term3 t2term5 t2term12 t2term8 common37 common28 common6 common20 common13 common17 common6 common7 common36 common21,neutral,NA,SIMULATED
A00236-09,22,Topic 22 theme,Paragraphs about theme 22.,Programs related to theme 22 should be expanded.,t2term11 t2term9 t2term8 t2term3 t2term5 t2term7 t2term4 t2term5 t2term1 t2term10 t2term12 t2term6 t2term2 t2term8 common13 common23 common16 common20 common36 common39 common21 common14 common2 common30,favor,NA,SIMULATED
A00236-11,22,Topic 22 theme,Paragraphs about theme 22.,Programs related to theme 22 should be expanded.,t2term3 t2term7 t2term2 t2term10 t2term5 t2term10 t2term5 t2term1 t2term5 t2term6 t2term11 t2term2 t2term1 t2term4 common8 common22 common35 common38 common19 common12 common8 common3 common9 common12,oppose,NA,SIMULATED
A00254-01,22,Topic 22 theme,Paragraphs about theme 22.,Programs related to theme 22 should be expanded.,t2term2 t2term1 t2term2 t2term6 t2term4 t2term3 t2term6 t2term4 t2term12 t2term11 t2term12 t2term2 t2term9 t2term6 common39 common16 common36 common11 common40 common6 common2 common38 common11 common20,oppose,NA,SIMULATED
A00276-04,22,Topic 22 theme,Paragraphs about theme 22.,Programs related to theme 22 should be expanded.,t2term6 t2term5 t2term8 t2term11 t2term10 t2term3 t2term3 t2term12 t2term9 t2term12 t2term8 t2term10 t2term1 t2term1 common20 common26 common9 common38 common7 common4 common5 common4 common5 common24,neutral,NA,SIMULATED
A00276-05,22,Topic 22 theme,Paragraphs about theme 22.,Programs related to theme 22 should be expanded.,t2term1 t2term5 t2term12 t2term7 t2term9 t2term10 t2term11 t2term7 t2term6 t2term5 t2term5 t2term12 t2term8 t2term12 common26 common30 common26 common18 common37 common36 common15 common9 common34 common38,oppose,NA,SIMULATED
A00281-04,22,Topic 22 theme,Paragraphs about theme 22.,Programs related to theme 22 should be expanded.,t2term3 t2term11 t2term12 t2term3 t2term6 t2term4 t2term6 t2term3 t2term3 t2term6 t2term2 t2term1 t2term10 t2term2 common40 common24 common7 common22 common6 common28 common25 common11 common19 common36,favor,NA,SIMULATED
A00285-07,22,Topic 22 theme,Paragraphs about theme 22.,Programs related to theme 22 should be expanded.,t2term2 t2term11 t2term2 t2term7 t2term7 t2term2 t2term5 t2term5 t2term2 t2term4 t2term4 t2term7 t2term9 t2term7 common16 common22 common11 common36 common36 common14 common24 common12 common31 common25,oppose,NA,SIMULATED
A00296-06,22,Topic 22 theme,Paragraphs about theme 22.,Programs related to theme 22 should be expanded.,t2term7 t2term12 t2term5 t2term9 t2term3 t2term3 t2term9 t2term7 t2term6 t2term11 t2term8 t2term8 t2term1 t2term9 common12 common16 common39 common34 common23 common6 common16 common21 common15 common36,favor,NA,SIMULATED
A00305-03,22,Topic 22 theme,Paragraphs about theme 22.,Programs related to theme 22 should be expanded.,t2term1 t2term1 t2term6 t2term2 t2term6 t2term4 t2term5 t2term9 t2term10 t2term3 t2term3 t2term8 t2term6 t2term3 common11 common17 common4 common21 common1 common32 common23 common20 common35 common40,irrelevant,NA,SIMULATED
A00312-04,22,Topic 22 theme,Paragraphs about theme 22.,Programs related to theme 22 should be expanded.,t2term9 t2term10 t2term12 t2term8 t2term8 t2term12 t2term6 t2term1 t2term1 t2term1 t2term11 t2term1 t2term8 t2term4 common18 common20 common26 common21 common37 common36 common9 common36 common7 common38,oppose,NA,SIMULATED
A00321-06,22,Topic 22 theme,Paragraphs about theme 22.,Programs related to theme 22 should be expanded.,t2term4 t2term1 t2term5 t2term8 t2term4 t2term8 t2term7 t2term12 t2term5 t2term6 t2term12 t2term10 t2term10 t2term5 common33 common39 common9 common30 common9 common6 common21 common2 common40 common15,neutral,NA,SIMULATED
A00344-01,22,Topic 22 theme,Paragraphs about theme 22.,Programs related to theme 22 should be expanded.,t2term1 t2term2 t2term8 t2term7 t2term6 t2term3 t2term2 t2term2 t2term3 t2term12 t2term3 t2term7 t2term12 t2term11 common6 common18 common33 common6 common15 common16 common29 common40 common29 common1,favor,NA,SIMULATED
A00349-04,22,Topic 22 theme,Paragraphs about theme 22.,Programs related to theme 22 should be expanded.,t2term5 t2term12 t2term10 t2term12 t2term8 t2term2 t2term12 t2term12 t2term9 t2term10 t2term5 t2term8 t2term7 t2term12 common28 common23 common10 common31 common21 common33 common9 common19 common37 common34,favor,NA,SIMULATED
A00358-02,22,Topic 22 theme,Paragraphs about theme 22.,Programs related to theme 22 should be expanded.,t2term2 t2term9 t2term10 t2term6 t2term4 t2term3 t2term11 t2term12 t2term10 t2term3 t2term2 t2term7 t2term7 t2term10 common23 common10 common37 common21 common16 common32 common16 common13 common29 common30,irrelevant,NA,SIMULATED
A00361-02,22,Topic 22 theme,Paragraphs about theme 22.,Programs related to theme 22 should be expanded.,t2term1 t2term6 t2term7 t2term8 t2term6 t2term8 t2term3 t2term12 t2term10 t2term1 t2term2 t2term12 t2term3 t2term3 common27 common15 common3 common28 common10 common11 common38 common34 common6 common9,neutral,NA,SIMULATED
A00379-10,22,Topic 22 theme,Paragraphs about theme 22.,Programs related to theme 22 should be expanded.,t2term2 t2term3 t2term11 t2term12 t2term10 t2term7 t2term6 t2term6 t2term11 t2term10 t2term11 t2term9 t2term7 t2term7 common36 common8 common18 common9 common11 common1 common40 common38 common7 common25,favor,NA,SIMULATED
A00430-08,22,Topic 22 theme,Paragraphs about theme 22.,Programs related to theme 22 should be expanded.,t2term12 t2term2 t2term1 t2term12 t2term6 t2term5 t2term3 t2term8 t2term7 t2term5 t2term9 t2term7 t2term8 t2term5 common9 common36 common9 common16 common13 common30 common7 common8 common25 common16,oppose,NA,SIMULATED
A00438-05,22,Topic 22 theme,Paragraphs about theme 22.,Programs related to theme 22 should be expanded.,t2term8 t2term5 t2term8 t2term12 t2term1 t2term4 t2term3 t2term1 t2term10 t2term9 t2term3 t2term2 t2term2 t2term4 common10 common29 common38 common28 common33 common8 common6 common15 common2 common28,favor,NA,SIMULATED
A00462-09,22,Topic 22 theme,Paragraphs about theme 22.,Programs related to theme 22 should be expanded.,t2term11 t2term8 t2term1 t2term12 t2term11 t2term8 t2term8 t2term10 t2term7 t2term7 t2term12 t2term9 t2term8 t2term7 common38 common36 common14 common10 common35 common25 common26 common28 common12 common33,neutral,NA,SIMULATED
A00473-06,22,Topic 22 theme,Paragraphs about theme 22.,Programs related to theme 22 should be expanded.,t2term2 t2term1 t2term9 t2term2 t2term11 t2term9 t2term2 t2term2 t2term3 t2term5 t2term1 t2term1 t2term9 t2term1 common17 common26 common20 common15 common27 common23 common32 common34 common9 common11,oppose,NA,SIMULATED
A00476-12,22,Topic 22 theme,Paragraphs about theme 22.,Programs related to theme 22 should be expanded.,t2term8 t2term9 t2term2 t2term5 t2term1 t2term4 t2term4 t2term4 t2term7 t2term1 t2term12 t2term11 t2term2 t2term1 common13 common14 common27 common23 common17 common19 common32 common32 common15 common28,neutral,NA,SIMULATED
A00486-09,22,Topic 22 theme,Paragraphs about theme 22.,Programs related to theme 22 should be expanded.,t2term9 t2term6 t2term6 t2term6 t2term9 t2term10 t2term8 t2term1 t2term8 t2term12 t2term7 t2term11 t2term5 t2term4 common39 common34 common13 common6 common28 common16 common18 common25 common25 common26,favor,NA,SIMULATED
A00499-05,22,Topic 22 theme,Paragraphs about theme 22.,Programs related to theme 22 should be expanded.,t2term10 t2term2 t2term6 t2term11 t2term6 t2term1 t2term5 t2term1 t2term11 t2term8 t2term11 t2term9 t2term1 t2term2 common26 common6 common12 common25 common4 common9 common3 common2 common22 common39,favor,NA,SIMULATED
A00503-04,22,Topic 22 theme,Paragraphs about theme 22.,Programs related to theme 22 should be expanded.,t2term2 t2term9 t2term12 t2term10 t2term7 t2term5 t2term9 t2term9 t2term10 t2term7 t2term7 t2term10 t2term9 t2term7 common30 common21 common32 common12 common3 common35 common19 common24 common26 common36,favor,NA,SIMULATED
A00505-07,22,Topic 22 theme,Paragraphs about theme 22.,Programs related to theme 22 should be expanded.,t2term7 t2term9 t2term6 t2term5 t2term7 t2term12 t2term7 t2term9 t2term10 t2term8 t2term2 t2term3 t2term12 t2term11 common21 common39 common30 common27 common5 common19 common14 common19 common8 common20,oppose,NA,SIMULATED
A00527-01,22,Topic 22 theme,Paragraphs about theme 22.,Programs related to theme 22 should be expanded.,t2term9 t2term7 t2term3 t2term4 t2term11 t2term5 t2term7 t2term8 t2term3 t2term5 t2term2 t2term3 t2term7 t2term9 common4 common12 common31 common29 common26 common8 common33 common6 common2 common9,oppose,NA,SIMULATED
A00531-03,22,Topic 22 theme,Paragraphs about theme 22.,Programs related to theme 22 should be expanded.,t2term6 t2term5 t2term11 t2term2 t2term11 t2term3 t2term6 t2term3 t2term9 t2term1 t2term4 t2term8 t2term3 t2term7 common20 common33 common21 common13 common14 common29 common9 common36 common20 common26,neutral,NA,SIMULATED
A00544-10,22,Topic 22 theme,Paragraphs about theme 22.,Programs related to theme 22 should be expanded.,t2term12 t2term11 t2term12 t2term8 t2term7 t2term5 t2term10 t2term2 t2term3 t2term10 t2term2 t2term3 t2term11 t2term10 common32 common24 common18 common22 common30 common18 common16 common17 common25 common10,neutral,NA,SIMULATED
A00548-04,22,Topic 22 theme,Paragraphs about theme 22.,Programs related to theme 22 should be expanded.,t2term1 t2term5 t2term10 t2term8 t2term7 t2term11 t2term6 t2term2 t2term5 t2term6 t2term2 t2term2 t2term12 t2term9 common24 common17 common40 common36 common14 common26 common15 common38 common1 common26,irrelevant,NA,SIMULATED
A00552-06,22,Topic 22 theme,Paragraphs about theme 22.,Programs related to theme 22 should be expanded.,t2term4 t2term12 t2term11 t2term2 t2term11 t2term6 t2term2 t2term2 t2term1 t2term1 t2term10 t2term9 t2term5 t2term3 common25 common35 common1 common23 common33 common38 common5 common16 common15 common24,neutral,NA,SIMULATED
A00552-12,22,Topic 22 theme,Paragraphs about theme 22.,Programs related to theme 22 should be expanded.,t2term5 t2term9 t2term3 t2term9 t2term3 t2term6 t2term6 t2term3 t2term5 t2term12 t2term4 t2term1 t2term9 t2term2 common9 common34 common15 common39 common1 common38 common35 common40 common40 common13,irrelevant,NA,SIMULATED
A00555-01,22,Topic 22 theme,Paragraphs about theme 22.,Programs related to theme 22 should be expanded.,t2term1 t2term6 t2term10 t2term9 t2term6 t2term3 t2term10 t2term9 t2term10 t2term11 t2term4 t2term1 t2term11 t2term6 common40 common8 common14 common11 common18 common37 common23 common35 common27 common30,oppose,NA,SIMULATED
A00566-06,22,Topic 22 theme,Paragraphs about theme 22.,Programs related to theme 22 should be expanded.,t2term2 t2term11 t2term2 t2term1 t2term8 t2term11 t2term4 t2term8 t2term12 t2term2 t2term2 t2term8 t2term5 t2term12 common16 common19 common5 common13 common35 common26 common8 common25 common25 common4,irrelevant,NA,SIMULATED
A00574-06,22,Topic 22 theme,Paragraphs about theme 22.,Programs related to theme 22 should be expanded.,t2term2 t2term4 t2term9 t2term3 t2term4 t2term5 t2term10 t2term4 t2term12 t2term7 t2term12 t2term6 t2term8 t2term5 common16 common31 common33 common25 common32 common24 common20 common1 common4 common3,neutral,NA,SIMULATED
A00608-08,22,Topic 22 theme,Paragraphs about theme 22.,Programs related to theme 22 should be expanded.,t2term1 t2term11 t2term3 t2term2 t2term1 t2term12 t2term7 t2term4 t2term6 t2term3 t2term8 t2term7 t2term12 t2term7 common11 common34 common21 common35 common29 common8 common31 common14 common7 common12,favor,NA,SIMULATED
A00612-03,22,Topic 22 theme,Paragraphs about theme 22.,Programs related to theme 22 should be expanded.,t2term12 t2term7 t2term9 t2term1 t2term11 t2term6 t2term1 t2term12 t2term1 t2term6 t2term7 t2term12 t2term3 t2term8 common7 common34 common17 common8 common17 common24 common10 common4 common2 common13,favor,NA,SIMULATED
A00615-09,22,Topic 22 theme,Paragraphs about theme 22.,Programs related to theme 22 should be expanded.,t2term9 t2term7 t2term3 t2term11 t2term3 t2term9 t2term1 t2term10 t2term8 t2term12 t2term3 t2term1 t2term8 t2term10 common40 common35 common26 common32 common32 common13 common13 common38 common30 common23,favor,NA,SIMULATED
A00632-06,22,Topic 22 theme,Paragraphs about theme 22.,Programs related to theme 22 should be expanded.,t2term11 t2term4 t2term3 t2term2 t2term6 t2term10 t2term12 t2term3 t2term7 t2term8 t2term12 t2term9 t2term9 t2term10 common14 common22 common35 common21 common4 common34 common14 common16 common4 common23,favor,NA,SIMULATED
A00632-07,22,Topic 22 theme,Paragraphs about theme 22.,Programs related to theme 22 should be expanded.,t2term12 t2term12 t2term7 t2term11 t2term8 t2term10 t2term1 t2term3 t2term6 t2term10 t2term4 t2term5 t2term11 t2term7 common1 common29 common5 common29 common17 common24 common8 common29 common23 common18,oppose,NA,SIMULATED
A00659-03,22,Topic 22 theme,Paragraphs about theme 22.,Programs related to theme 22 should be expanded.,t2term5 t2term5 t2term6 t2term12 t2term11 t2term12 t2term2 t2term1 t2term3 t2term5 t2term12 t2term2 t2term10 t2term12 common39 common29 common38 common18 common2 common12 common2 common19 common35 common36,neutral,NA,SIMULATED
A00680-06,22,Topic 22 theme,Paragraphs about theme 22.,Programs related to theme 22 should be expanded.,t2term12 t2term7 t2term3 t2term1 t2term7 t2term7 t2term11 t2term9 t2term1 t2term8 t2term3 t2term8 t2term8 t2term9 common19 common8 common34 common8 common5 common26 common14 common21 common26 common10,neutral,NA,SIMULATED
A00685-05,22,Topic 22 theme,Paragraphs about theme 22.,Programs related to theme 22 should be expanded.,t2term9 t2term8 t2term10 t2term9 t2term12 t2term10 t2term9 t2term10 t2term6 t2term11 t2term7 t2term12 t2term11 t2term11 common32 common9 common15 common21 common9 common17 common9 common7 common15 common38,oppose,NA,SIMULATED
A00697-04,22,Topic 22 theme,Paragraphs about theme 22.,Programs related to theme 22 should be expanded.,t2term12 t2term8 t2term11 t2term8 t2term6 t2term10 t2term12 t2term4 t2term12 t2term12 t2term4 t2term5 t2term11 t2term10 common37 common33 common34 common14 common26 common33 common31 common26 common8 common28,oppose,NA,SIMULATED
A00712-04,22,Topic 22 theme,Paragraphs about theme 22.,Programs related to theme 22 should be expanded.,t2term8 t2term3 t2term2 t2term7 t2term1 t2term4 t2term12 t2term2 t2term12 t2term5 t2term7 t2term1 t2term5 t2term3 common10 common31 common25 common18 common11 common34 common21 common34 common4 common9,irrelevant,NA,SIMULATED
A00724-03,22,Topic 22 theme,Paragraphs about theme 22.,Programs related to theme 22 should be expanded.,t2term3 t2term2 t2term1 t2term5 t2term1 t2term10 t2term6 t2term7 t2term1 t2term8 t2term10 t2term2 t2term1 t2term12 common12 common22 common28 common7 common40 common24 common32 common17 common21 common27,favor,NA,SIMULATED
A00745-04,22,Topic 22 theme,Paragraphs about theme 22.,Programs related to theme 22 should be expanded.,t2term4 t2term6 t2term6 t2term11 t2term6 t2term1 t2term3 t2term8 t2term12 t2term1 t2term4 t2term7 t2term3 t2term11 common29 common35 common5 common32 common6 common13 common23 common8 common10 common29,favor,NA,SIMULATED
A00756-03,22,Topic 22 theme,Paragraphs about theme 22.,Programs related to theme 22 should be expanded.,t2term4 t2term12 t2term1 t2term5 t2term7 t2term6 t2term4 t2term10 t2term11 t2term12 t2term3 t2term6 t2term5 t2term4 common38 common40 common25 common2 common35 common25 common18 common37 common19 common7,oppose,NA,SIMULATED
A00760-02,22,Topic 22 theme,Paragraphs about theme 22.,Programs related to theme 22 should be expanded.,t2term9 t2term7 t2term9 t2term8 t2term10 t2term6 t2term1 t2term5 t2term5 t2term12 t2term8 t2term5 t2term4 t2term11 common3 common31 common25 common32 common22 common3 common35 common6 common8 common27,oppose,NA,SIMULATED
A00764-02,22,Topic 22 theme,Paragraphs about theme 22.,Programs related to theme 22 should be expanded.,t2term12 t2term10 t2term2 t2term5 t2term2 t2term1 t2term6 t2term11 t2term10 t2term5 t2term2 t2term12 t2term6 t2term7 common37 common9 common22 common22 common30 common24 common30 common15 common21 common23,oppose,NA,SIMULATED
A00765-07,22,Topic 22 theme,Paragraphs about theme 22.,Programs related to theme 22 should be expanded.,t2term11 t2term10 t2term4 t2term3 t2term7 t2term10 t2term5 t2term4 t2term9 t2term9 t2term4 t2term7 t2term1 t2term6 common20 common22 common12 common10 common25 common29 common24 common5 common14 common2,neutral,NA,SIMULATED
A00776-05,22,Topic 22 theme,Paragraphs about theme 22.,Programs related to theme 22 should be expanded.,t2term3 t2term5 t2term5 t2term8 t2term1 t2term12 t2term7 t2term1 t2term2 t2term8 t2term6 t2term6 t2term9 t2term8 common3 common21 common26 common6 common35 common7 common27 common6 common36 common11,oppose,NA,SIMULATED
A00785-05,22,Topic 22 theme,Paragraphs about theme 22.,Programs related to theme 22 should be expanded.,t2term12 t2term5 t2term11 t2term9 t2term6 t2term10 t2term5 t2term5 t2term5 t2term6 t2term5 t2term11 t2term12 t2term1 common21 common17 common10 common34 common11 common36 common23 common23 common22 common29,favor,NA,SIMULATED
A00793-04,22,Topic 22 theme,Paragraphs about theme 22.,Programs related to theme 22 should be expanded.,t2term6 t2term1 t2term11 t2term2 t2term1 t2term3 t2term2 t2term10 t2term10 t2term1 t2term7 t2term9 t2term4 t2term11 common5 common3 common1 common12 common28 common27 common38 common7 common13 common37,neutral,NA,SIMULATED
A00799-07,22,Topic 22 theme,Paragraphs about theme 22.,Programs related to theme 22 should be expanded.,t2term1 t2term1 t2term8 t2term7 t2term11 t2term11 t2term8 t2term10 t2term1 t2term12 t2term10 t2term1 t2term4 t2term4 common33 common28 common26 common23 common29 common12 common6 common30 common29 common18,oppose,NA,SIMULATED
A00803-01,22,Topic 22 theme,Paragraphs about theme 22.,Programs related to theme 22 should be expanded.,t2term9 t2term1 t2term8 t2term2 t2term2 t2term8 t2term3 t2term1 t2term12 t2term10 t2term5 t2term11 t2term5 t2term3 common39 common6 common37 common1 common24 common34 common16 common24 common35 common14,oppose,NA,SIMULATED
A00803-06,22,Topic 22 theme,Paragraphs about theme 22.,Programs related to theme 22 should be expanded.,t2term11 t2term9 t2term10 t2term7 t2term6 t2term7 t2term6 t2term5 t2term8 t2term8 t2term7 t2term9 t2term4 t2term2 common6 common9 common17 common14 common28 common24 common10 common1 common28 common16,neutral,NA,SIMULATED
A00818-05,22,Topic 22 theme,Paragraphs about theme 22.,Programs related to theme 22 should be expanded.,t2term3 t2term3 t2term6 t2term3 t2term7 t2term2 t2term1 t2term11 t2term7 t2term11 t2term8 t2term7 t2term11 t2term3 common31 common37 common15 common25 common22 common29 common35 common23 common26 common27,oppose,NA,SIMULATED
A00839-04,22,Topic 22 theme,Paragraphs about theme 22.,Programs related to theme 22 should be expanded.,t2term10 t2term7 t2term5 t2term1 t2term8 t2term8 t2term6 t2term4 t2term3 t2term2 t2term12 t2term1 t2term1 t2term7 common17 common2 common16 common39 common11 common26 common8 common37 common3 common6,oppose,NA,SIMULATED
A00846-02,22,Topic 22 theme,Paragraphs about theme 22.,Programs related to theme 22 should be expanded.,t2term5 t2term4 t2term10 t2term4 t2term9 t2term7 t2term1 t2term5 t2term2 t2term4 t2term3 t2term2 t2term3 t2term10 common34 common2 common16 common40 common14 common31 common7 common39 common36 common6,oppose,NA,SIMULATED
A00884-09,22,Topic 22 theme,Paragraphs about theme 22.,Programs related to theme 22 should be expanded.,t2term5 t2term7 t2term2 t2term10 t2term8 t2term10 t2term4 t2term8 t2term9 t2term5 t2term10 t2term4 t2term7 t2term11 common23 common15 common34 common3 common13 common22 common12 common1 common33 common33,favor,NA,SIMULATED
A00893-02,22,Topic 22 theme,Paragraphs about theme 22.,Programs related to theme 22 should be expanded.,t2term1 t2term6 t2term7 t2term4 t2term10 t2term12 t2term4 t2term12 t2term3 t2term9 t2term5 t2term6 t2term11 t2term4 common26 common27 common19 common8 common4 common21 common15 common26 common23 common3,neutral,NA,SIMULATED
A00896-03,22,Topic 22 theme,Paragraphs about theme 22.,Programs related to theme 22 should be expanded.,t2term4 t2term1 t2term11 t2term6 t2term5 t2term1 t2term8 t2term3 t2term8 t2term9 t2term12 t2term1 t2term3 t2term4 common36 common10 common8 common18 common14 common31 common19 common17 common30 common5,neutral,NA,SIMULATED
A00907-04,22,Topic 22 theme,Paragraphs about theme 22.,Programs related to theme 22 should be expanded.,t2term10 t2term9 t2term6 t2term1 t2term9 t2term10 t2term7 t2term12 t2term11 t2term6 t2term5 t2term3 t2term5 t2term3 common29 common25 common34 common23 common18 common17 common3 common26 common22 common5,oppose,NA,SIMULATED
A00908-06,22,Topic 22 theme,Paragraphs about theme 22.,Programs related to theme 22 should be expanded.,t2term3 t2term8 t2term4 t2term8 t2term3 t2term7 t2term7 t2term10 t2term3 t2term8 t2term8 t2term3 t2term4 t2term9 common31 common34 common39 common4 common3 common24 common17 common30 common34 common8,neutral,NA,SIMULATED
A00918-02,22,Topic 22 theme,Paragraphs about theme 22.,Programs related to theme 22 should be expanded.,t2term3 t2term12 t2term10 t2term5 t2term3 t2term2 t2term4 t2term8 t2term2 t2term10 t2term9 t2term1 t2term7 t2term12 common5 common20 common3 common30 common30 common4 common17 common38 common21 common11,oppose,NA,SIMULATED
A00923-01,22,Topic 22 theme,Paragraphs about theme 22.,Programs related to theme 22 should be expanded.,t2term7 t2term1 t2term8 t2term3 t2term9 t2term1 t2term7 t2term1 t2term8 t2term6 t2term1 t2term7 t2term6 t2term1 common22 common11 common18 common34 common13 common27 common24 common39 common2 common18,oppose,NA,SIMULATED
A00939-06,22,Topic 22 theme,Paragraphs about theme 22.,Programs related to theme 22 should be expanded.,t2term11 t2term12 t2term11 t2term4 t2term7 t2term10 t2term10 t2term7 t2term9 t2term6 t2term6 t2term6 t2term3 t2term1 common8 common13 common2 common25 common20 common24 common8 common26 common18 common21,oppose,NA,SIMULATED
A00959-08,22,Topic 22 theme,Paragraphs about theme 22.,Programs related to theme 22 should be expanded.,t2term6 t2term12 t2term7 t2term10 t2term9 t2term7 t2term2 t2term2 t2term3 t2term10 t2term2 t2term10 t2term3 t2term10 common22 common16 common4 common26 common23 common17 common28 common31 common4 common33,favor,NA,SIMULATED
A00959-11,22,Topic 22 theme,Paragraphs about theme 22.,Programs related to theme 22 should be expanded.,t2term1 t2term5 t2term5 t2term5 t2term12 t2term8 t2term12 t2term3 t2term3 t2term2 t2term9 t2term4 t2term4 t2term11 common31 common40 common30 common18 common40 common10 common5 common8 common3 common39,oppose,NA,SIMULATED
A00974-02,22,Topic 22 theme,Paragraphs about theme 22.,Programs related to theme 22 should be expanded.,t2term8 t2term10 t2term9 t2term1 t2term6 t2term7 t2term1 t2term1 t2term6 t2term1 t2term12 t2term11 t2term10 t2term5 common34 common30 common25 common26 common17 common6 common21 common16 common15 common6,oppose,NA,SIMULATED
A00978-02,22,Topic 22 theme,Paragraphs about theme 22.,Programs related to theme 22 should be expanded.,t2term2 t2term3 t2term11 t2term7 t2term5 t2term5 t2term9 t2term10 t2term11 t2term7 t2term9 t2term8 t2term4 t2term1 common33 common36 common20 common18 common30 common18 common35 common15 common12 common15,neutral,NA,SIMULATED
A00978-05,22,Topic 22 theme,Paragraphs about theme 22.,Programs related to theme 22 should be expanded.,t2term9 t2term7 t2term4 t2term2 t2term9 t2term2 t2term2 t2term4 t2term9 t2term4 t2term7 t2term12 t2term3 t2term5 common2 common12 common13 common38 common2 common21 common10 common12 common31 common16,favor,NA,SIMULATED
A00983-07,22,Topic 22 theme,Paragraphs about theme 22.,Programs related to theme 22 should be expanded.,t2term9 t2term8 t2term5 t2term3 t2term7 t2term11 t2term5 t2term4 t2term10 t2term5 t2term6 t2term2 t2term4 t2term4 common6 common40 common13 common23 common10 common34 common32 common25 common25 common39,oppose,NA,SIMULATED
A00989-08,22,Topic 22 theme,Paragraphs about theme 22.,Programs related to theme 22 should be expanded.,t2term2 t2term10 t2term2 t2term6 t2term10 t2term4 t2term11 t2term4 t2term8 t2term12 t2term8 t2term2 t2term12 t2term4 common19 common40 common22 common39 common15 common30 common21 common10 common22 common6,favor,NA,SIMULATED
A00994-02,22,Topic 22 theme,Paragraphs about theme 22.,Programs related to theme 22 should be expanded.,t2term11 t2term3 t2term8 t2term1 t2term12 t2term11 t2term6 t2term1 t2term2 t2term10 t2term11 t2term1 t2term5 t2term4 common39 common33 common29 common39 common9 common22 common14 common27 common11 common16,neutral,NA,SIMULATED
A00995-02,22,Topic 22 theme,Paragraphs about theme 22.,Programs related to theme 22 should be expanded.,t2term3 t2term9 t2term10 t2term9 t2term2 t2term6 t2term7 t2term11 t2term7 t2term4 t2term7 t2term1 t2term3 t2term2 common8 common31 common32 common15 common16 common17 common38 common35 common7 common32,neutral,NA,SIMULATED
A00999-02,22,Topic 22 theme,Paragraphs about theme 22.,Programs related to theme 22 should be expanded.,t2term5 t2term4 t2term3 t2term6 t2term4 t2term10 t2term3 t2term5 t2term5 t2term2 t2term11 t2term12 t2term1 t2term5 common16 common34 common12 common19 common1 common12 common16 common1 common8 common4,neutral,NA,SIMULATED
A01005-02,22,Topic 22 theme,Paragraphs about theme 22.,Programs related to theme 22 should be expanded.,t2term10 t2term5 t2term5 t2term12 t2term10 t2term9 t2term6 t2term1 t2term6 t2term3 t2term2 t2term11 t2term10 t2term12 common35 common10 common1 common11 common1 common40 common39 common36 common32 common23,neutral,NA,SIMULATED
A01026-08,22,Topic 22 theme,Paragraphs about theme 22.,Programs related to theme 22 should be expanded.,t2term4 t2term3 t2term10 t2term8 t2term3 t2term2 t2term4 t2term6 t2term5 t2term1 t2term4 t2term12 t2term3 t2term10 common9 common4 common19 common16 common4 common12 common20 common23 common30 common6,neutral,NA,SIMULATED
A00004-04,24,Topic 24 theme,Paragraphs about theme 24.,Programs related to theme 24 should be expanded.,t25term1 t25term7 t25term6 t25term3 t25term8 t25term7 t25term6 t25term12 t25term10 t25term6 t25term5 t25term4 t25term8 t25term2 common30 common22 common8 common9 common8 common8 common40 common24 common14 common3,neutral,NA,SIMULATED
A00029-01,24,Topic 24 theme,Paragraphs about theme 24.,Programs related to theme 24 should be expanded.,t25term3 t25term4 t25term11 t25term9 t25term2 t25term5 t25term11 t25term12 t25term10 t25term5 t25term10 t25term8 t25term1 t25term4 common40 common26 common4 common27 common17 common26 common5 common29 common32 common27,neutral,NA,SIMULATED
A00040-02,24,Topic 24 theme,Paragraphs about theme 24.,Programs related to theme 24 should be expanded.,t25term3 t25term12 t25term10 t25term2 t25term5 t25term12 t25term12 t25term4 t25term10 t25term10 t25term3 t25term11 t25term11 t25term6 common34 common22 common17 common11 common37 common37 common15 common33 common30 common34,neutral,NA,SIMULATED
A00080-06,24,Topic 24 theme,Paragraphs about theme 24.,Programs related to theme 24 should be expanded.,t25term9 t25term10 t25term10 t25term11 t25term4 t25term7 t25term7 t25term2 t25term2 t25term11 t25term10 t25term1 t25term7 t25term11 common13 common7 common40 common31 common32 common18 common12 common11 common19 common33,favor,NA,SIMULATED
A00082-01,24,Topic 24 theme,Paragraphs about theme 24.,Programs related to theme 24 should be expanded.,t25term5 t25term7 t25term5 t25term11 t25term7 t25term9 t25term5 t25term7 t25term2 t25term5 t25term5 t25term4 t25term2 t25term5 common10 common20 common36 common16 common16 common3 common13 common5 common15 common16,favor,NA,SIMULATED
A00095-09,24,Topic 24 theme,Paragraphs about theme 24.,Programs related to theme 24 should be expanded.,t25term5 t25term5 t25term7 t25term2 t25term9 t25term12 t25term10 t25term3 t25term3 t25term2 t25term9 t25term11 t25term10 t25term4 common5 common19 common6 common34 common8 common6 common17 common38 common2 common34,neutral,NA,SIMULATED
A00104-03,24,Topic 24 theme,Paragraphs about theme 24.,Programs related to theme 24 should be expanded.,t25term12 t25term6 t25term8 t25term5 t25term9 t25term3 t25term9 t25term5 t25term3 t25term7 t25term7 t25term9 t25term2 t25term8 common24 common22 common12 common35 common5 common3 common5 common16 common17 common13,favor,NA,SIMULATED
A00104-04,24,Topic 24 theme,Paragraphs about theme 24.,Programs related to theme 24 should be expanded.,t25term11 t25term1 t25term5 t25term10 t25term10 t25term11 t25term12 t25term8 t25term8 t25term7 t25term1 t25term6 t25term2 t25term6 common3 common29 common31 common27 common29 common3 common39 common3 common9 common36,neutral,NA,SIMULATED
A00107-08,24,Topic 24 theme,Paragraphs about theme 24.,Programs related to theme 24 should be expanded.,t25term4 t25term1 t25term11 t25term7 t25term6 t25term3 t25term8 t25term5 t25term9 t25term1 t25term10 t25term3 t25term3 t25term7 common4 common14 common19 common25 common12 common34 common38 common29 common38 common25,favor,NA,SIMULATED
A00108-06,24,Topic 24 theme,Paragraphs about theme 24.,Programs related to theme 24 should be expanded.,t25term10 t25term12 t25term7 t25term3 t25term3 t25term6 t25term3 t25term9 t25term11 t25term4 t25term3 t25term11 t25term3 t25term3 common6 common32 common20 common35 common39 common14 common5 common12 common17 common15,neutral,NA,SIMULATED
A00111-05,24,Topic 24 theme,Paragraphs about theme 24.,Programs related to theme 24 should be expanded.,t25term5 t25term6 t25term12 t25term10 t25term9 t25term9 t25term1 t25term8 t25term2 t25term12 t25term6 t25term3 t25term8 t25term5 common7 common10 common38 common2 common9 common5 common11 common39 common4 common22,oppose,NA,SIMULATED
A00125-02,24,Topic 24 theme,Paragraphs about theme 24.,Programs related to theme 24 should be expanded.,t25term9 t25term2 t25term12 t25term1 t25term12 t25term6 t25term10 t25term10 t25term11 t25term7 t25term10 t25term1 t25term8 t25term7 common34 common39 common35 common40 common16 common25 common31 common23 common36 common25,neutral,NA,SIMULATED
A00131-04,24,Topic 24 theme,Paragraphs about theme 24.,Programs related to theme 24 should be expanded.,t25term6 t25term3 t25term7 t25term7 t25term1 t25term8 t25term10 t25term1 t25term4 t25term6 t25term5 t25term2 t25term12 t25term11 common39 common23 common16 common27 common13 common13 common8 common30 common17 common12,irrelevant,NA,SIMULATED
A00138-09,24,Topic 24 theme,Paragraphs about theme 24.,Programs related to theme 24 should be expanded.,t25term1 t25term7 t25term2 t25term8 t25term6 t25term7 t25term2 t25term10 t25term1 t25term12 t25term2 t25term1 t25term4 t25term7 common21 common3 common20 common15 common5 common16 common23 common18 common21 common27,neutral,NA,SIMULATED
A00158-04,24,Topic 24 theme,Paragraphs about theme 24.,Programs related to theme 24 should be expanded.,t25term9 t25term4 t25term12 t25term3 t25term10 t25term12 t25term8 t25term1 t25term7 t25term1 t25term7 t25term11 t25term10 t25term3 common27 common5 common11 common21 common17 common16 common31 common30 common2 common30,neutral,NA,SIMULATED
A00160-06,24,Topic 24 theme,Paragraphs about theme 24.,Programs related to theme 24 should be expanded.,t25term9 t25term8 t25term10 t25term9 t25term12 t25term7 t25term1 t25term5 t25term2 t25term6 t25term5 t25term11 t25term7 t25term1 common22 common22 common26 common25 common21 common28 common7 common3 common27 common4,favor,NA,SIMULATED
A00165-01,24,Topic 24 theme,Paragraphs about theme 24.,Programs related to theme 24 should be expanded.,t25term10 t25term7 t25term5 t25term4 t25term10 t25term10 t25term4 t25term2 t25term6 t25term9 t25term3 t25term4 t25term9 t25term11 common14 common22 common11 common31 common31 common13 common25 common14 common18 common14,neutral,NA,SIMULATED
A00190-09,24,Topic 24 theme,Paragraphs about theme 24.,Programs related to theme 24 should be expanded.,t25term1 t25term5 t25term11 t25term11 t25term12 t25term2 t25term6 t25term12 t25term1 t25term3 t25term1 t25term9 t25term11 t25term1 common36 common36 common5 common8 common14 common21 common20 common4 common4 common20,favor,NA,SIMULATED
A00191-01,24,Topic 24 theme,Paragraphs about theme 24.,Programs related to theme 24 should be expanded.,t25term10 t25term12 t25term9 t25term4 t25term12 t25term9 t25term8 t25term3 t25term6 t25term3 t25term1 t25term10 t25term12 t25term1 common35 common8 common4 common5 common32 common14 common17 common7 common31 common17,favor,NA,SIMULATED
A00200-09,24,Topic 24 theme,Paragraphs about theme 24.,Programs related to theme 24 should be expanded.,t25term7 t25term12 t25term7 t25term7 t25term4 t25term10 t25term1 t25term12 t25term7 t25term6 t25term3 t25term12 t25term12 t25term6 common24 common39 common5 common28 common3 common29 common32 common34 common24 common23,favor,NA,SIMULATED
A00200-11,24,Topic 24 theme,Paragraphs about theme 24.,Programs related to theme 24 should be expanded.,t25term9 t25term2 t25term5 t25term7 t25term2 t25term6 t25term9 t25term8 t25term2 t25term5 t25term7 t25term9 t25term5 t25term5 common19 common37 common39 common26 common32 common20 common30 common8 common17 common18,neutral,NA,SIMULATED
A00206-03,24,Topic 24 theme,Paragraphs about theme 24.,Programs related to theme 24 should be expanded.,t25term6 t25term2 t25term5 t25term4 t25term12 t25term6 t25term3 t25term2 t25term9 t25term7 t25term7 t25term5 t25term3 t25term3 common2 common29 common23 common25 common32 common1 common11 common13 common30 common5,oppose,NA,SIMULATED
A00214-04,24,Topic 24 theme,Paragraphs about theme 24.,Programs related to theme 24 should be expanded.,t25term5 t25term3 t25term8 t25term3 t25term7 t25term6 t25term2 t25term10 t25term10 t25term5 t25term3 t25term6 t25term3 t25term6 common12 common11 common31 common5 common27 common15 common29 common22 common25 common7,favor,NA,SIMULATED
A00218-04,24,Topic 24 theme,Paragraphs about theme 24.,Programs related to theme 24 should be expanded.,t25term5 t25term8 t25term8 t25term12 t25term10 t25term11 t25term1 t25term8 t25term8 t25term11 t25term7 t25term10 t25term1 t25term12 common22 common37 common36 common25 common33 common6 common9 common3 common4 common39,neutral,NA,SIMULATED
A00218-06,24,Topic 24 theme,Paragraphs about theme 24.,Programs related to theme 24 should be expanded.,t25term3 t25term4 t25term3 t25term12 t25term3 t25term12 t25term8 t25term11 t25term9 t25term1 t25term9 t25term10 t25term11 t25term3 common37 common17 common14 common7 common33 common37 common33 common7 common33 common2,irrelevant,NA,SIMULATED
A00253-10,24,Topic 24 theme,Paragraphs about theme 24.,Programs related to theme 24 should be expanded.,t25term8 t25term8 t25term11 t25term8 t25term6 t25term11 t25term3 t25term11 t25term6 t25term11 t25term12 t25term12 t25term3 t25term11 common19 common6 common3 common36 common31 common28 common30 common6 common34 common2,favor,NA,SIMULATED
A00260-02,24,Topic 24 theme,Paragraphs about theme 24.,Programs related to theme 24 should be expanded.,t25term12 t25term5 t25term1 t25term12 t25term4 t25term11 t25term2 t25term12 t25term1 t25term7 t25term10 t25term9 t25term3 t25term11 common18 common39 common5 common7 common12 common22 common23 common25 common29 common28,favor,NA,SIMULATED
A00260-03,24,Topic 24 theme,Paragraphs about theme 24.,Programs related to theme 24 should be expanded.,t25term11 t25term4 t25term5 t25term10 t25term8 t25term11 t25term6 t25term2 t25term1 t25term1 t25term9 t25term5 t25term8 t25term1 common40 common36 common37 common33 common9 common10 common28 common22 common15 common29,neutral,NA,SIMULATED
A00267-02,24,Topic 24 theme,Paragraphs about theme 24.,Programs related to theme 24 should be expanded.,t25term11 t25term9 t25term3 t25term9 t25term2 t25term12 t25term4 t25term7 t25term2 t25term11 t25term5 t25term4 t25term1 t25term11 common22 common7 common29 common34 common14 common6 common13 common8 common21 common11,favor,NA,SIMULATED
A00281-01,24,Topic 24 theme,Paragraphs about theme 24.,Programs related to theme 24 should be expanded.,t25term7 t25term2 t25term6 t25term2 t25term10 t25term3 t25term4 t25term11 t25term12 t25term11 t25term2 t25term5 t25term5 t25term9 common21 common30 common10 common36 common24 common35 common34 common18 common37 common27,favor,NA,SIMULATED
A00281-02,24,Topic 24 theme,Paragraphs about theme 24.,Programs related to theme 24 should be expanded.,t25term9 t25term1 t25term9 t25term6 t25term9 t25term6 t25term3 t25term1 t25term2 t25term4 t25term11 t25term1 t25term3 t25term3 common36 common1 common36 common30 common30 common16 common18 common20 common25 common9,irrelevant,NA,SIMULATED
A00331-03,24,Topic 24 theme,Paragraphs about theme 24.,Programs related to theme 24 should be expanded.,t25term7 t25term2 t25term5 t25term1 t25term5 t25term6 t25term1 t25term3 t25term2 t25term3 t25term3 t25term9 t25term6 t25term2 common6 common24 common9 common24 common27 common4 common23 common34 common16 common31,irrelevant,NA,SIMULATED
A00331-07,24,Topic 24 theme,Paragraphs about theme 24.,Programs related to theme 24 should be expanded.,t25term8 t25term12 t25term4 t25term3 t25term3 t25term8 t25term4 t25term1 t25term7 t25term6 t25term11 t25term11 t25term5 t25term10 common30 common34 common11 common27 common22 common31 common20 common29 common19 common36,neutral,NA,SIMULATED
A00331-09,24,Topic 24 theme,Paragraphs about theme 24.,Programs related to theme 24 should be expanded.,t25term2 t25term12 t25term11 t25term10 t25term12 t25term2 t25term7 t25term7 t25term1 t25term9 t25term11 t25term3 t25term6 t25term9 common18 common35 common34 common6 common37 common32 common1 common26 common14 common37,irrelevant,NA,SIMULATED
A00333-02,24,Topic 24 theme,Paragraphs about theme 24.,Programs related to theme 24 should be expanded.,t25term2 t25term5 t25term10 t25term8 t25term12 t25term11 t25term9 t25term11 t25term7 t25term9 t25term1 t25term4 t25term6 t25term6 common22 common7 common9 common7 common8 common6 common30 common17 common17 common28,neutral,NA,SIMULATED
A00362-03,24,Topic 24 theme,Paragraphs about theme 24.,Programs related to theme 24 should be expanded.,t25term1 t25term6 t25term2 t25term6 t25term2 t25term11 t25term3 t25term4 t25term10 t25term8 t25term6 t25term1 t25term12 t25term8 common25 common5 common5 common40 common16 common11 common39 common14 common4 common1,irrelevant,NA,SIMULATED
A00396-06,24,Topic 24 theme,Paragraphs about theme 24.,Programs related to theme 24 should be expanded.,t25term8 t25term2 t25term7 t25term6 t25term7 t25term5 t25term10 t25term11 t25term6 t25term6 t25term11 t25term2 t25term8 t25term9 common33 common4 common18 common24 common5 common14 common3 common26 common12 common32,neutral,NA,SIMULATED
A00414-04,24,Topic 24 theme,Paragraphs about theme 24.,Programs related to theme 24 should be expanded.,t25term3 t25term11 t25term5 t25term7 t25term1 t25term11 t25term2 t25term6 t25term4 t25term7 t25term11 t25term10 t25term12 t25term6 common16 common18 common23 common1 common27 common15 common27 common7 common10 common16,favor,NA,SIMULATED
A00415-02,24,Topic 24 theme,Paragraphs about theme 24.,Programs related to theme 24 should be expanded.,t25term12 t25term8 t25term8 t25term7 t25term10 t25term8 t25term4 t25term3 t25term11 t25term9 t25term2 t25term8 t25term6 t25term9 common4 common9 common33 common37 common15 common14 common31 common22 common39 common7,favor,NA,SIMULATED
A00430-05,24,Topic 24 theme,Paragraphs about theme 24.,Programs related to theme 24 should be expanded.,t25term1 t25term6 t25term7 t25term9 t25term4 t25term7 t25term6 t25term4 t25term6 t25term1 t25term11 t25term12 t25term10 t25term2 common8 common20 common12 common21 common20 common3 common2 common40 common38 common36,favor,NA,SIMULATED
A00447-04,24,Topic 24 theme,Paragraphs about theme 24.,Programs related to theme 24 should be expanded.,t25term6 t25term3 t25term11 t25term9 t25term3 t25term2 t25term4 t25term4 t25term9 t25term3 t25term3 t25term4 t25term4 t25term7 common22 common25 common38 common35 common11 common32 common11 common37 common12 common30,irrelevant,NA,SIMULATED
A00468-06,24,Topic 24 theme,Paragraphs about theme 24.,Programs related to theme 24 should be expanded.,t25term1 t25term10 t25term3 t25term9 t25term8 t25term6 t25term1 t25term12 t25term9 t25term1 t25term6 t25term4 t25term1 t25term12 common17 common25 common36 common35 common3 common9 common39 common40 common18 common31,oppose,NA,SIMULATED
A00471-04,24,Topic 24 theme,Paragraphs about theme 24.,Programs related to theme 24 should be expanded.,t25term10 t25term9 t25term2 t25term6 t25term7 t25term10 t25term7 t25term4 t25term10 t25term3 t25term2 t25term2 t25term2 t25term7 common12 common17 common2 common2 common3 common36 common38 common3 common19 common12,irrelevant,NA,SIMULATED
A00486-08,24,Topic 24 theme,Paragraphs about theme 24.,Programs related to theme 24 should be expanded.,t25term10 t25term6 t25term3 t25term8 t25term2 t25term9 t25term6 t25term2 t25term7 t25term8 t25term6 t25term2 t25term7 t25term1 common9 common4 common4 common8 common32 common30 common8 common31 common16 common18,neutral,NA,SIMULATED
A00487-01,24,Topic 24 theme,Paragraphs about theme 24.,Programs related to theme 24 should be expanded.,t25term8 t25term12 t25term11 t25term8 t25term12 t25term5 t25term9 t25term11 t25term4 t25term10 t25term11 t25term12 t25term11 t25term1 common8 common29 common18 common38 common8 common1 common37 common2 common23 common27,neutral,NA,SIMULATED
A00487-02,24,Topic 24 theme,Paragraphs about theme 24.,Programs related to theme 24 should be expanded.,t25term3 t25term11 t25term7 t25term2 t25term3 t25term3 t25term2 t25term11 t25term7 t25term11 t25term6 t25term9 t25term6 t25term8 common21 common3 common37 common32 common39 common5 common5 common33 common10 common22,favor,NA,SIMULATED
A00487-05,24,Topic 24 theme,Paragraphs about theme 24.,Programs related to theme 24 should be expanded.,t25term8 t25term4 t25term9 t25term3 t25term10 t25term10 t25term3 t25term5 t25term10 t25term4 t25term12 t25term9 t25term8 t25term7 common7 common26 common1 common7 common32 common27 common13 common28 common4 common11,favor,NA,SIMULATED
A00491-06,24,Topic 24 theme,Paragraphs about theme 24.,Programs related to theme 24 should be expanded.,t25term11 t25term10 t25term10 t25term11 t25term8 t25term9 t25term11 t25term5 t25term1 t25term3 t25term12 t25term4 t25term4 t25term6 common9 common28 common19 common9 common1 common11 common32 common26 common23 common15,favor,NA,SIMULATED
A00505-08,24,Topic 24 theme,Paragraphs about theme 24.,Programs related to theme 24 should be expanded.,t25term4 t25term7 t25term3 t25term7 t25term7 t25term7 t25term3 t25term1 t25term2 t25term12 t25term6 t25term11 t25term3 t25term6 common28 common1 common10 common26 common1 common17 common32 common40 common32 common3,irrelevant,NA,SIMULATED
A00511-02,24,Topic 24 theme,Paragraphs about theme 24.,Programs related to theme 24 should be expanded.,t25term8 t25term4 t25term7 t25term8 t25term3 t25term10 t25term5 t25term3 t25term12 t25term10 t25term11 t25term8 t25term7 t25term4 common26 common5 common20 common5 common3 common24 common2 common22 common32 common29,favor,NA,SIMULATED
A00515-01,24,Topic 24 theme,Paragraphs about theme 24.,Programs related to theme 24 should be expanded.,t25term7 t25term2 t25term7 t25term11 t25term9 t25term1 t25term1 t25term9 t25term8 t25term5 t25term6 t25term7 t25term11 t25term8 common22 common36 common14 common27 common39 common29 common37 common22 common16 common5,favor,NA,SIMULATED
A00515-02,24,Topic 24 theme,Paragraphs about theme 24.,Programs related to theme 24 should be expanded.,t25term5 t25term7 t25term5 t25term4 t25term9 t25term4 t25term11 t25term8 t25term4 t25term10 t25term4 t25term5 t25term10 t25term2 common26 common12 common25 common18 common8 common28 common19 common36 common16 common13,favor,NA,SIMULATED
A00557-03,24,Topic 24 theme,Paragraphs about theme 24.,Programs related to theme 24 should be expanded.,t25term3 t25term10 t25term10 t25term8 t25term3 t25term3 t25term11 t25term7 t25term7 t25term2 t25term12 t25term4 t25term12 t25term12 common12 common24 common30 common2 common36 common11 common30 common30 common13 common15,favor,NA,SIMULATED
A00583-02,24,Topic 24 theme,Paragraphs about theme 24.,Programs related to theme 24 should be expanded.,t25term12 t25term6 t25term10 t25term3 t25term1 t25term6 t25term4 t25term6 t25term8 t25term11 t25term9 t25term1 t25term10 t25term6 common7 common8 common11 common35 common30 common25 common23 common28 common23 common26,favor,NA,SIMULATED
A00610-01,24,Topic 24 theme,Paragraphs about theme 24.,Programs related to theme 24 should be expanded.,t25term9 t25term7 t25term10 t25term10 t25term6 t25term7 t25term8 t25term4 t25term11 t25term11 t25term5 t25term5 t25term9 t25term8 common16 common27 common13 common19 common1 common24 common24 common27 common15 common8,neutral,NA,SIMULATED
A00611-05,24,Topic 24 theme,Paragraphs about theme 24.,Programs related to theme 24 should be expanded.,t25term2 t25term12 t25term3 t25term2 t25term6 t25term1 t25term9 t25term4 t25term9 t25term6 t25term1 t25term11 t25term8 t25term4 common27 common23 common34 common26 common34 common34 common11 common29 common4 common19,oppose,NA,SIMULATED
A00621-05,24,Topic 24 theme,Paragraphs about theme 24.,Programs related to theme 24 should be expanded.,t25term2 t25term5 t25term8 t25term8 t25term8 t25term9 t25term8 t25term9 t25term9 t25term5 t25term3 t25term2 t25term11 t25term3 common38 common16 common25 common4 common29 common19 common29 common39 common6 common10,favor,NA,SIMULATED
A00631-01,24,Topic 24 theme,Paragraphs about theme 24.,Programs related to theme 24 should be expanded.,t25term8 t25term4 t25term10 t25term6 t25term9 t25term10 t25term2 t25term2 t25term12 t25term10 t25term2 t25term4 t25term8 t25term3 common33 common34 common29 common35 common29 common4 common5 common16 common27 common23,favor,NA,SIMULATED
A00638-01,24,Topic 24 theme,Paragraphs about theme 24.,Programs related to theme 24 should be expanded.,t25term5 t25term2 t25term1 t25term5 t25term8 t25term2 t25term4 t25term12 t25term3 t25term7 t25term7 t25term1 t25term9 t25term8 common8 common40 common21 common5 common13 common30 common25 common20 common21 common20,oppose,NA,SIMULATED
A00651-07,24,Topic 24 theme,Paragraphs about theme 24.,Programs related to theme 24 should be expanded.,t25term12 t25term5 t25term6 t25term10 t25term5 t25term1 t25term5 t25term9 t25term3 t25term8 t25term3 t25term9 t25term8 t25term4 common1 common6 common12 common28 common28 common30 common19 common2 common28 common30,favor,NA,SIMULATED
A00654-11,24,Topic 24 theme,Paragraphs about theme 24.,Programs related to theme 24 should be expanded.,t25term4 t25term4 t25term7 t25term12 t25term3 t25term11 t25term12 t25term9 t25term8 t25term10 t25term4 t25term2 t25term5 t25term7 common29 common15 common18 common2 common40 common14 common12 common34 common29 common17,favor,NA,SIMULATED
A00655-02,24,Topic 24 theme,Paragraphs about theme 24.,Programs related to theme 24 should be expanded.,t25term7 t25term12 t25term9 t25term8 t25term9 t25term4 t25term11 t25term6 t25term11 t25term11 t25term9 t25term2 t25term4 t25term3 common6 common16 common17 common22 common36 common7 common18 common5 common25 common28,favor,NA,SIMULATED
A00656-09,24,Topic 24 theme,Paragraphs about theme 24.,Programs related to theme 24 should be expanded.,t25term9 t25term10 t25term7 t25term8 t25term7 t25term7 t25term5 t25term8 t25term10 t25term4 t25term6 t25term12 t25term12 t25term4 common35 common34 common24 common4 common7 common15 common29 common9 common25 common25,irrelevant,NA,SIMULATED
A00670-03,24,Topic 24 theme,Paragraphs about theme 24.,Programs related to theme 24 should be expanded.,t25term10 t25term4 t25term9 t25term10 t25term4 t25term6 t25term2 t25term3 t25term1 t25term1 t25term1 t25term5 t25term1 t25term3 common17 common25 common35 common39 common4 common34 common29 common3 common32 common32,favor,NA,SIMULATED
A00670-07,24,Topic 24 theme,Paragraphs about theme 24.,Programs related to theme 24 should be expanded.,t25term4 t25term10 t25term2 t25term6 t25term6 t25term8 t25term5 t25term7 t25term7 t25term3 t25term2 t25term11 t25term8 t25term5 common28 common37 common33 common7 common35 common3 common36 common19 common9 common13,favor,NA,SIMULATED
A00730-02,24,Topic 24 theme,Paragraphs about theme 24.,Programs related to theme 24 should be expanded.,t25term3 t25term2 t25term7 t25term1 t25term10 t25term12 t25term3 t25term11 t25term4 t25term12 t25term2 t25term3 t25term8 t25term10 common22 common21 common28 common18 common36 common18 common37 common13 common18 common22,favor,NA,SIMULATED
A00730-05,24,Topic 24 theme,Paragraphs about theme 24.,Programs related to theme 24 should be expanded.,t25term6 t25term5 t25term7 t25term9 t25term10 t25term8 t25term10 t25term5 t25term9 t25term11 t25term8 t25term4 t25term12 t25term10 common18 common17 common9 common24 common34 common6 common15 common16 common15 common7,favor,NA,SIMULATED
A00731-04,24,Topic 24 theme,Paragraphs about theme 24.,Programs related to theme 24 should be expanded.,t25term10 t25term6 t25term4 t25term7 t25term10 t25term1 t25term4 t25term4 t25term1 t25term2 t25term10 t25term5 t25term2 t25term6 common2 common9 common15 common34 common38 common19 common2 common26 common18 common11,favor,NA,SIMULATED
A00732-02,24,Topic 24 theme,Paragraphs about theme 24.,Programs related to theme 24 should be expanded.,t25term11 t25term6 t25term1 t25term2 t25term11 t25term9 t25term8 t25term3 t25term3 t25term9 t25term7 t25term10 t25term12 t25term4 common22 common12 common6 common20 common37 common2 common29 common20 common5 common25,favor,NA,SIMULATED
A00743-05,24,Topic 24 theme,Paragraphs about theme 24.,Programs related to theme 24 should be expanded.,t25term4 t25term9 t25term6 t25term3 t25term2 t25term9 t25term9 t25term12 t25term4 t25term6 t25term10 t25term6 t25term9 t25term10 common7 common25 common36 common5 common36 common3 common14 common18 common3 common34,neutral,NA,SIMULATED
A00746-01,24,Topic 24 theme,Paragraphs about theme 24.,Programs related to theme 24 should be expanded.,t25term2 t25term6 t25term12 t25term6 t25term12 t25term12 t25term6 t25term7 t25term9 t25term11 t25term1 t25term11 t25term2 t25term4 common38 common28 common34 common35 common22 common39 common18 common39 common5 common27,favor,NA,SIMULATED
A00759-01,24,Topic 24 theme,Paragraphs about theme 24.,Programs related to theme 24 should be expanded.,t25term7 t25term6 t25term10 t25term6 t25term9 t25term12 t25term4 t25term3 t25term2 t25term2 t25term1 t25term9 t25term9 t25term4 common36 common26 common6 common14 common36 common38 common17 common28 common14 common4,irrelevant,NA,SIMULATED
A00762-07,24,Topic 24 theme,Paragraphs about theme 24.,Programs related to theme 24 should be expanded.,t25term11 t25term5 t25term4 t25term9 t25term2 t25term12 t25term3 t25term8 t25term12 t25term12 t25term6 t25term9 t25term8 t25term7 common2 common16 common14 common30 common36 common25 common34 common35 common15 common14,favor,NA,SIMULATED
A00764-08,24,Topic 24 theme,Paragraphs about theme 24.,Programs related to theme 24 should be expanded.,t25term8 t25term3 t25term4 t25term10 t25term4 t25term6 t25term3 t25term4 t25term1 t25term10 t25term8 t25term5 t25term12 t25term5 common3 common37 common28 common33 common24 common20 common35 common1 common39 common33,oppose,NA,SIMULATED
A00768-04,24,Topic 24 theme,Paragraphs about theme 24.,Programs related to theme 24 should be expanded.,t25term4 t25term11 t25term9 t25term12 t25term8 t25term1 t25term4 t25term2 t25term2 t25term3 t25term3 t25term5 t25term10 t25term11 common31 common7 common36 common18 common11 common29 common15 common27 common34 common7,neutral,NA,SIMULATED
A00775-08,24,Topic 24 theme,Paragraphs about theme 24.,Programs related to theme 24 should be expanded.,t25term11 t25term4 t25term2 t25term5 t25term2 t25term8 t25term8 t25term8 t25term6 t25term6 t25term6 t25term8 t25term4 t25term8 common1 common10 common36 common32 common19 common24 common39 common2 common26 common9,irrelevant,NA,SIMULATED
A00782-01,24,Topic 24 theme,Paragraphs about theme 24.,Programs related to theme 24 should be expanded.,t25term4 t25term5 t25term8 t25term7 t25term6 t25term6 t25term3 t25term3 t25term4 t25term3 t25term11 t25term9 t25term3 t25term8 common15 common20 common31 common9 common12 common33 common32 common30 common38 common39,favor,NA,SIMULATED
A00791-07,24,Topic 24 theme,Paragraphs about theme 24.,Programs related to theme 24 should be expanded.,t25term4 t25term11 t25term7 t25term11 t25term7 t25term5 t25term10 t25term10 t25term3 t25term4 t25term6 t25term2 t25term12 t25term9 common32 common38 common15 common2 common32 common10 common22 common5 common26 common26,neutral,NA,SIMULATED
A00791-08,24,Topic 24 theme,Paragraphs about theme 24.,Programs related to theme 24 should be expanded.,t25term2 t25term4 t25term10 t25term7 t25term7 t25term5 t25term8 t25term2 t25term2 t25term12 t25term10 t25term1 t25term10 t25term8 common27 common30 common18 common17 common3 common12 common15 common15 common18 common11,favor,NA,SIMULATED
A00793-01,24,Topic 24 theme,Paragraphs about theme 24.,Programs related to theme 24 should be expanded.,t25term7 t25term4 t25term2 t25term3 t25term3 t25term8 t25term1 t25term3 t25term7 t25term11 t25term12 t25term4 t25term12 t25term6 common34 common22 common14 common20 common40 common16 common39 common19 common11 common18,favor,NA,SIMULATED
A00793-05,24,Topic 24 theme,Paragraphs about theme 24.,Programs related to theme 24 should be expanded.,t25term9 t25term3 t25term4 t25term4 t25term2 t25term10 t25term9 t25term4 t25term8 t25term1 t25term1 t25term3 t25term5 t25term11 common25 common29 common10 common4 common30 common20 common35 common26 common6 common9,neutral,NA,SIMULATED
A00794-08,24,Topic 24 theme,Paragraphs about theme 24.,Programs related to theme 24 should be expanded.,t25term12 t25term1 t25term8 t25term1 t25term1 t25term1 t25term10 t25term11 t25term10 t25term8 t25term11 t25term11 t25term3 t25term11 common15 common3 common10 common35 common5 common30 common14 common24 common24 common33,favor,NA,SIMULATED
A00806-03,24,Topic 24 theme,Paragraphs about theme 24.,Programs related to theme 24 should be expanded.,t25term8 t25term2 t25term11 t25term9 t25term5 t25term10 t25term5 t25term7 t25term4 t25term5 t25term12 t25term4 t25term3 t25term1 common12 common27 common17 common29 common16 common32 common1 common34 common29 common19,favor,NA,SIMULATED
A00813-06,24,Topic 24 theme,Paragraphs about theme 24.,Programs related to theme 24 should be expanded.,t25term9 t25term1 t25term11 t25term5 t25term11 t25term10 t25term4 t25term9 t25term9 t25term1 t25term5 t25term12 t25term5 t25term1 common16 common9 common32 common20 common23 common25 common28 common16 common3 common31,neutral,NA,SIMULATED
A00817-06,24,Topic 24 theme,Paragraphs about theme 24.,Programs related to theme 24 should be expanded.,t25term7 t25term7 t25term10 t25term4 t25term2 t25term6 t25term7 t25term8 t25term8 t25term3 t25term2 t25term3 t25term2 t25term10 common36 common32 common9 common1 common32 common8 common7 common23 common1 common21,favor,NA,SIMULATED
A00819-02,24,Topic 24 theme,Paragraphs about theme 24.,Programs related to theme 24 should be expanded.,t25term5 t25term12 t25term11 t25term9 t25term2 t25term4 t25term12 t25term5 t25term11 t25term2 t25term9 t25term6 t25term4 t25term3 common2 common20 common7 common22 common34 common7 common37 common14 common32 common40,neutral,NA,SIMULATED
A00825-02,24,Topic 24 theme,Paragraphs about theme 24.,Programs related to theme 24 should be expanded.,t25term7 t25term2 t25term9 t25term7 t25term12 t25term9 t25term2 t25term9 t25term8 t25term4 t25term12 t25term5 t25term8 t25term2 common31 common26 common7 common5 common7 common4 common7 common39 common2 common21,favor,NA,SIMULATED
A00833-04,24,Topic 24 theme,Paragraphs about theme 24.,Programs related to theme 24 should be expanded.,t25term8 t25term9 t25term2 t25term5 t25term9 t25term10 t25term1 t25term6 t25term5 t25term10 t25term8 t25term12 t25term2 t25term12 common21 common2 common2 common23 common11 common13 common31 common23 common5 common25,favor,NA,SIMULATED
A00884-01,24,Topic 24 theme,Paragraphs about theme 24.,Programs related to theme 24 should be expanded.,t25term4 t25term9 t25term2 t25term2 t25term7 t25term1 t25term6 t25term7 t25term3 t25term3 t25term6 t25term12 t25term5 t25term12 common30 common21 common21 common8 common24 common31 common2 common24 common8 common4,neutral,NA,SIMULATED
A00891-02,24,Topic 24 theme,Paragraphs about theme 24.,Programs related to theme 24 should be expanded.,t25term10 t25term8 t25term2 t25term4 t25term7 t25term8 t25term7 t25term6 t25term12 t25term1 t25term2 t25term8 t25term3 t25term9 common27 common16 common1 common23 common24 common36 common30 common15 common10 common9,favor,NA,SIMULATED
A00915-06,24,Topic 24 theme,Paragraphs about theme 24.,Programs related to theme 24 should be expanded.,t25term2 t25term5 t25term9 t25term8 t25term11 t25term10 t25term9 t25term3 t25term4 t25term1 t25term7 t25term12 t25term4 t25term12 common34 common38 common12 common3 common24 common34 common31 common37 common16 common5,neutral,NA,SIMULATED
A00924-02,24,Topic 24 theme,Paragraphs about theme 24.,Programs related to theme 24 should be expanded.,t25term7 t25term12 t25term5 t25term2 t25term2 t25term7 t25term3 t25term12 t25term3 t25term2 t25term1 t25term1 t25term8 t25term4 common33 common36 common4 common36 common11 common8 common10 common36 common30 common39,favor,NA,SIMULATED
A00934-02,24,Topic 24 theme,Paragraphs about theme 24.,Programs related to theme 24 should be expanded.,t25term5 t25term1 t25term4 t25term8 t25term3 t25term6 t25term1 t25term9 t25term8 t25term6 t25term6 t25term2 t25term11 t25term3 common32 common32 common9 common22 common30 common5 common35 common31 common9 common31,neutral,NA,SIMULATED
A00938-11,24,Topic 24 theme,Paragraphs about theme 24.,Programs related to theme 24 should be expanded.,t25term12 t25term1 t25term1 t25term6 t25term4 t25term5 t25term9 t25term2 t25term8 t25term6 t25term5 t25term1 t25term6 t25term4 common1 common15 common2 common22 common25 common36 common38 common11 common16 common13,favor,NA,SIMULATED
A00971-03,24,Topic 24 theme,Paragraphs about theme 24.,Programs related to theme 24 should be expanded.,t25term5 t25term1 t25term9 t25term6 t25term11 t25term4 t25term10 t25term7 t25term11 t25term4 t25term10 t25term8 t25term11 t25term1 common24 common26 common22 common36 common37 common1 common37 common18 common19 common18,favor,NA,SIMULATED
A00981-04,24,Topic 24 theme,Paragraphs about theme 24.,Programs related to theme 24 should be expanded.,t25term2 t25term1 t25term4 t25term2 t25term5 t25term6 t25term10 t25term1 t25term6 t25term6 t25term6 t25term6 t25term4 t25term5 common8 common12 common4 common14 common3 common15 common7 common15 common30 common19,favor,NA,SIMULATED
A00999-11,24,Topic 24 theme,Paragraphs about theme 24.,Programs related to theme 24 should be expanded.,t25term5 t25term5 t25term8 t25term5 t25term6 t25term1 t25term10 t25term10 t25term6 t25term4 t25term12 t25term8 t25term5 t25term4 common5 common36 common19 common15 common19 common18 common4 common13 common20 common8,neutral,NA,SIMULATED
A01007-01,24,Topic 24 theme,Paragraphs about theme 24.,Programs related to theme 24 should be expanded.,t25term8 t25term6 t25term12 t25term12 t25term12 t25term12 t25term5 t25term10 t25term6 t25term12 t25term1 t25term12 t25term3 t25term3 common18 common1 common1 common31 common29 common36 common7 common29 common30 common8,oppose,NA,SIMULATED
A01036-04,24,Topic 24 theme,Paragraphs about theme 24.,Programs related to theme 24 should be expanded.,t25term9 t25term5 t25term12 t25term8 t25term5 t25term8 t25term6 t25term5 t25term3 t25term9 t25term1 t25term6 t25term4 t25term6 common13 common23 common39 common24 common39 common3 common4 common36 common6 common5,oppose,NA,SIMULATED
A01040-07,24,Topic 24 theme,Paragraphs about theme 24.,Programs related to theme 24 should be expanded.,t25term12 t25term6 t25term7 t25term2 t25term4 t25term10 t25term7 t25term9 t25term4 t25term9 t25term12 t25term7 t25term2 t25term2 common18 common18 common39 common9 common24 common28 common32 common32 common35 common39,oppose,NA,SIMULATED
