para_uid,atom_id,Year,n_tokens,text,topic,theta_max,m_i,N_h,n_h,pi1,pi2,pi,w
A00002-03,A00002,2016,24,t22term2 t22term4 t22term3 t22term6 t22term12 t22term6 t22term1 t22term5 t22term6 t22term4 t22term6 t22term2 t22term2 t22term2 common40 common10 common26 common7 common23 common8 common26 common15 common15 common8,13,0.9611831250463772,1,16,7,0.4375,1,0.4375,2.2857142857142856
A00015-05,A00015,2025,24,t22term9 t22term6 t22term9 t22term11 t22term10 t22term6 t22term7 t22term12 t22term8 t22term4 t22term2 t22term2 t22term11 t22term4 common11 common25 common40 common8 common33 common20 common39 common25 common40 common22,13,0.9632002092885736,1,19,8,0.42105263157894735,1,0.42105263157894735,2.375
A00026-06,A00026,2008,24,t22term2 t22term8 t22term5 t22term2 t22term1 t22term7 t22term10 t22term6 t22term5 t22term3 t22term6 t22term7 t22term9 t22term3 common40 common15 common14 common15 common28 common30 common20 common13 common35 common8,13,0.9599186369572597,1,10,4,0.4,1,0.4,2.5
A00035-12,A00035,2005,24,t22term4 t22term8 t22term12 t22term9 t22term7 t22term9 t22term9 t22term9 t22term6 t22term1 t22term1 t22term6 t22term5 t22term10 common18 common17 common6 common13 common33 common24 common34 common24 common5 common31,13,0.9591908617670996,1,8,3,0.375,1,0.375,2.6666666666666665
A00042-07,A00042,2023,24,t22term5 t22term7 t22term2 t22term10 t22term1 t22term9 t22term12 t22term9 t22term12 t22term5 t22term1 t22term8 t22term2 t22term9 common36 common24 common19 common23 common23 common3 common1 common14 common22 common29,13,0.9637592363398126,1,16,7,0.4375,1,0.4375,2.2857142857142856
A00047-03,A00047,2019,24,t22term5 t22term7 t22term10 t22term4 t22term3 t22term8 t22term6 t22term11 t22term10 t22term6 t22term1 t22term2 t22term7 t22term6 common31 common20 common19 common26 common21 common17 common12 common28 common5 common11,13,0.962981872952325,1,14,6,0.42857142857142855,1,0.42857142857142855,2.3333333333333335
A00061-10,A00061,2015,24,t22term11 t22term2 t22term3 t22term5 t22term10 t22term12 t22term2 t22term3 t22term11 t22term9 t22term9 t22term9 t22term12 t22term2 common16 common36 common14 common8 common34 common20 common26 common31 common27 common36,13,0.9617761790613084,1,16,7,0.4375,1,0.4375,2.2857142857142856
A00064-04,A00064,2011,24,t22term2 t22term11 t22term3 t22term1 t22term8 t22term9 t22term7 t22term8 t22term3 t22term12 t22term9 t22term4 t22term8 t22term11 common7 common39 common25 common31 common13 common18 common4 common17 common18 common36,13,0.9607839827224236,1,14,6,0.42857142857142855,1,0.42857142857142855,2.3333333333333335
A00071-01,A00071,2022,24,t22term11 t22term5 t22term11 t22term7 t22term2 t22term1 t22term9 t22term2 t22term2 t22term7 t22term7 t22term11 t22term8 t22term1 common17 common32 common32 common24 common36 common34 common18 common20 common40 common1,13,0.9631210629176508,1,21,9,0.42857142857142855,1,0.42857142857142855,2.3333333333333335
A00081-09,A00081,2021,24,t22term9 t22term5 t22term4 t22term7 t22term3 t22term1 t22term9 t22term6 t22term11 t22term9 t22term5 t22term4 t22term9 t22term8 common21 common29 common18 common26 common2 common30 common18 common23 common24 common21,13,0.962668399271806,1,16,7,0.4375,1,0.4375,2.2857142857142856
A00105-05,A00105,2008,24,t22term2 t22term5 t22term10 t22term1 t22term5 t22term8 t22term7 t22term8 t22term11 t22term7 t22term7 t22term8 t22term11 t22term6 common29 common35 common8 common21 common12 common28 common2 common30 common24 common5,13,0.9600630213596992,1,10,4,0.4,1,0.4,2.5
A00117-01,A00117,2023,24,t22term11 t22term9 t22term10 t22term5 t22term9 t22term6 t22term4 t22term6 t22term2 t22term7 t22term6 t22term5 t22term8 t22term12 common19 common23 common1 common28 common19 common40 common27 common7 common7 common9,13,0.9624318240912968,1,16,7,0.4375,1,0.4375,2.2857142857142856
A00131-02,A00131,2016,24,t22term5 t22term9 t22term11 t22term7 t22term1 t22term7 t22term6 t22term8 t22term12 t22term5 t22term6 t22term6 t22term10 t22term1 common31 common19 common18 common9 common24 common37 common14 common18 common10 common7,13,0.961877091204838,1,16,7,0.4375,1,0.4375,2.2857142857142856
A00142-01,A00142,2011,24,t22term5 t22term10 t22term6 t22term1 t22term1 t22term8 t22term2 t22term3 t22term1 t22term2 t22term10 t22term10 t22term5 t22term3 common38 common38 common31 common7 common27 common30 common2 common30 common17 common1,13,0.9594917247505726,1,14,6,0.42857142857142855,1,0.42857142857142855,2.3333333333333335
A00144-04,A00144,2016,24,t22term10 t22term12 t22term9 t22term1 t22term7 t22term6 t22term10 t22term11 t22term4 t22term10 t22term3 t22term2 t22term7 t22term7 common18 common22 common21 common9 common34 common23 common5 common19 common18 common11,13,0.9623211124999016,2,16,7,0.4375,1,0.4375,2.2857142857142856
A00144-05,A00144,2016,24,t22term10 t22term3 t22term1 t22term5 t22term8 t22term8 t22term2 t22term12 t22term4 t22term2 t22term8 t22term7 t22term4 t22term4 common26 common23 common30 common8 common3 common6 common33 common21 common19 common2,13,0.9623677324605432,2,16,7,0.4375,1,0.4375,2.2857142857142856
A00149-08,A00149,2021,24,t22term6 t22term4 t22term7 t22term7 t22term1 t22term8 t22term8 t22term5 t22term2 t22term9 t22term12 t22term8 t22term6 t22term2 common9 common27 common36 common35 common1 common33 common21 common22 common18 common17,13,0.963588953780569,1,16,7,0.4375,1,0.4375,2.2857142857142856
A00151-07,A00151,2001,24,t22term4 t22term4 t22term7 t22term11 t22term10 t22term9 t22term8 t22term1 t22term12 t22term10 t22term2 t22term7 t22term4 t22term7 common39 common28 common26 common26 common2 common12 common34 common40 common24 common34,13,0.9577471788783926,1,6,3,0.5,1,0.5,2
A00156-03,A00156,2018,24,t22term4 t22term9 t22term11 t22term11 t22term12 t22term3 t22term7 t22term7 t22term9 t22term8 t22term2 t22term11 t22term6 t22term11 common29 common16 common22 common32 common26 common39 common6 common31 common40 common27,13,0.9616529176710732,1,9,4,0.4444444444444444,1,0.4444444444444444,2.25
A00174-01,A00174,2020,24,t22term8 t22term2 t22term3 t22term5 t22term4 t22term9 t22term10 t22term8 t22term10 t22term9 t22term7 t22term3 t22term3 t22term9 common2 common38 common21 common17 common8 common29 common4 common17 common10 common40,13,0.9628429447731732,1,16,7,0.4375,1,0.4375,2.2857142857142856
A00187-08,A00187,2017,24,t22term11 t22term10 t22term2 t22term10 t22term10 t22term6 t22term5 t22term8 t22term11 t22term1 t22term10 t22term2 t22term8 t22term2 common28 common36 common16 common40 common31 common13 common10 common24 common6 common5,13,0.9620586270307268,2,13,6,0.46153846153846156,1,0.46153846153846156,2.1666666666666665
A00187-10,A00187,2017,24,t22term10 t22term4 t22term10 t22term1 t22term9 t22term5 t22term11 t22term1 t22term1 t22term4 t22term9 t22term12 t22term3 t22term10 common31 common6 common3 common20 common38 common17 common1 common21 common12 common14,13,0.962875686301854,2,13,6,0.46153846153846156,1,0.46153846153846156,2.1666666666666665
A00188-04,A00188,2025,24,t22term5 t22term1 t22term4 t22term3 t22term5 t22term5 t22term2 t22term6 t22term12 t22term12 t22term10 t22term8 t22term10 t22term7 common5 common31 common27 common21 common30 common39 common14 common35 common23 common36,13,0.9634839190002652,2,19,8,0.42105263157894735,1,0.42105263157894735,2.375
A00188-08,A00188,2025,24,t22term5 t22term9 t22term8 t22term3 t22term7 t22term11 t22term9 t22term5 t22term5 t22term12 t22term8 t22term7 t22term6 t22term3 common22 common8 common8 common19 common27 common6 common28 common3 common16 common26,13,0.964358508864245,2,19,8,0.42105263157894735,1,0.42105263157894735,2.375
A00189-03,A00189,2013,24,t22term7 t22term2 t22term2 t22term12 t22term4 t22term12 t22term2 t22term9 t22term5 t22term10 t22term11 t22term6 t22term3 t22term3 common37 common33 common4 common11 common17 common21 common20 common19 common17 common12,13,0.962442019734419,3,10,4,0.4,1,0.4,2.5
A00189-06,A00189,2013,24,t22term11 t22term3 t22term10 t22term1 t22term10 t22term7 t22term2 t22term5 t22term7 t22term9 t22term5 t22term6 t22term6 t22term6 common20 common38 common5 common39 common28 common6 common20 common21 common14 common13,13,0.96134458623077,3,10,4,0.4,1,0.4,2.5
A00189-09,A00189,2013,24,t22term1 t22term9 t22term11 t22term4 t22term3 t22term11 t22term8 t22term10 t22term8 t22term12 t22term3 t22term3 t22term6 t22term1 common7 common3 common31 common1 common16 common34 common38 common13 common12 common36,13,0.9610849819874094,3,10,4,0.4,1,0.4,2.5
A00192-08,A00192,2019,24,t22term8 t22term5 t22term10 t22term2 t22term6 t22term5 t22term9 t22term3 t22term12 t22term3 t22term6 t22term7 t22term12 t22term12 common12 common19 common33 common36 common40 common15 common22 common32 common14 common12,13,0.9628823401553596,1,14,6,0.42857142857142855,1,0.42857142857142855,2.3333333333333335
A00194-02,A00194,2022,24,t22term7 t22term5 t22term12 t22term11 t22term2 t22term4 t22term5 t22term11 t22term6 t22term3 t22term1 t22term8 t22term9 t22term11 common32 common13 common19 common16 common8 common6 common25 common8 common40 common17,13,0.9637663843664812,1,21,9,0.42857142857142855,1,0.42857142857142855,2.3333333333333335
A00225-01,A00225,2024,24,t22term12 t22term4 t22term4 t22term5 t22term11 t22term2 t22term11 t22term6 t22term11 t22term8 t22term3 t22term8 t22term10 t22term10 common35 common37 common10 common35 common34 common37 common12 common37 common17 common16,13,0.9641457661649604,1,19,8,0.42105263157894735,1,0.42105263157894735,2.375
A00228-01,A00228,2004,24,t22term12 t22term8 t22term12 t22term12 t22term4 t22term5 t22term5 t22term5 t22term2 t22term12 t22term10 t22term5 t22term7 t22term7 common37 common30 common12 common32 common4 common14 common13 common27 common30 common3,13,0.9594869984455248,1,8,3,0.375,1,0.375,2.6666666666666665
A00232-08,A00232,2009,24,t22term2 t22term12 t22term5 t22term5 t22term2 t22term12 t22term5 t22term4 t22term11 t22term5 t22term4 t22term9 t22term10 t22term10 common8 common18 common16 common34 common12 common10 common13 common16 common38 common4,13,0.96049698983827,1,8,3,0.375,1,0.375,2.6666666666666665
A00241-01,A00241,2013,24,t22term11 t22term6 t22term11 t22term7 t22term11 t22term5 t22term6 t22term12 t22term9 t22term5 t22term2 t22term3 t22term10 t22term6 common23 common18 common40 common23 common3 common30 common20 common4 common36 common40,13,0.9615859070333708,1,10,4,0.4,1,0.4,2.5
A00242-04,A00242,2003,24,t22term1 t22term2 t22term8 t22term1 t22term10 t22term7 t22term4 t22term10 t22term9 t22term1 t22term12 t22term4 t22term4 t22term12 common10 common5 common5 common38 common4 common5 common40 common19 common17 common13,13,0.9588149728133674,1,8,3,0.375,1,0.375,2.6666666666666665
A00255-09,A00255,2024,24,t22term10 t22term5 t22term2 t22term9 t22term11 t22term1 t22term2 t22term11 t22term5 t22term5 t22term5 t22term4 t22term5 t22term11 common7 common4 common39 common23 common39 common22 common21 common12 common13 common27,13,0.9634553615936956,1,19,8,0.42105263157894735,1,0.42105263157894735,2.375
A00258-01,A00258,2015,24,t22term11 t22term8 t22term4 t22term3 t22term8 t22term5 t22term5 t22term7 t22term5 t22term12 t22term7 t22term6 t22term9 t22term12 common15 common17 common14 common16 common33 common20 common25 common39 common10 common27,13,0.961607352456867,1,16,7,0.4375,1,0.4375,2.2857142857142856
A00266-08,A00266,2021,24,t22term5 t22term4 t22term1 t22term5 t22term3 t22term8 t22term8 t22term9 t22term7 t22term8 t22term2 t22term3 t22term1 t22term10 common36 common34 common5 common32 common13 common36 common35 common18 common3 common37,13,0.9634584641494724,1,16,7,0.4375,1,0.4375,2.2857142857142856
A00269-09,A00269,2015,24,t22term5 t22term11 t22term10 t22term1 t22term10 t22term12 t22term10 t22term9 t22term5 t22term5 t22term1 t22term6 t22term11 t22term5 common32 common28 common3 common15 common23 common17 common13 common19 common19 common24,13,0.9633274576825188,1,16,7,0.4375,1,0.4375,2.2857142857142856
A00289-04,A00289,2022,24,t22term2 t22term8 t22term3 t22term8 t22term5 t22term12 t22term11 t22term8 t22term3 t22term5 t22term6 t22term11 t22term6 t22term7 common11 common35 common40 common18 common35 common14 common17 common16 common18 common38,13,0.962855226230564,1,21,9,0.42857142857142855,1,0.42857142857142855,2.3333333333333335
A00296-03,A00296,2006,24,t22term7 t22term12 t22term5 t22term4 t22term4 t22term4 t22term4 t22term1 t22term7 t22term3 t22term1 t22term8 t22term10 t22term2 common10 common1 common4 common23 common18 common22 common21 common32 common2 common5,13,0.9595197560642276,1,11,5,0.45454545454545453,1,0.45454545454545453,2.2
A00302-10,A00302,2025,24,t22term6 t22term5 t22term12 t22term7 t22term10 t22term10 t22term5 t22term8 t22term5 t22term9 t22term1 t22term7 t22term11 t22term11 common36 common8 common2 common8 common15 common20 common4 common22 common9 common39,13,0.9638738561702116,1,19,8,0.42105263157894735,1,0.42105263157894735,2.375
A00308-08,A00308,2025,24,t22term7 t22term3 t22term2 t22term12 t22term4 t22term11 t22term5 t22term6 t22term12 t22term3 t22term10 t22term6 t22term1 t22term6 common26 common3 common38 common19 common23 common14 common3 common33 common28 common5,13,0.9635777106111786,2,19,8,0.42105263157894735,1,0.42105263157894735,2.375
A00308-09,A00308,2025,24,t22term6 t22term4 t22term4 t22term2 t22term4 t22term6 t22term10 t22term12 t22term4 t22term5 t22term10 t22term1 t22term7 t22term5 common2 common11 common19 common9 common33 common33 common4 common7 common14 common2,13,0.9620569181175076,2,19,8,0.42105263157894735,1,0.42105263157894735,2.375
A00313-11,A00313,2016,24,t22term1 t22term3 t22term1 t22term3 t22term11 t22term6 t22term11 t22term8 t22term2 t22term9 t22term8 t22term5 t22term4 t22term2 common17 common1 common7 common37 common37 common14 common25 common21 common22 common24,13,0.9617373833947048,1,16,7,0.4375,1,0.4375,2.2857142857142856
A00317-03,A00317,2002,24,t22term5 t22term3 t22term11 t22term1 t22term5 t22term4 t22term4 t22term3 t22term9 t22term8 t22term1 t22term5 t22term8 t22term6 common11 common14 common18 common10 common12 common15 common16 common3 common4 common15,13,0.9585210262113376,1,3,2,0.6666666666666666,1,0.6666666666666666,1.5
A00320-04,A00320,2023,24,t22term6 t22term5 t22term12 t22term8 t22term2 t22term4 t22term9 t22term10 t22term3 t22term1 t22term9 t22term8 t22term7 t22term5 common19 common11 common34 common9 common21 common22 common9 common35 common39 common30,13,0.9634607604957144,1,16,7,0.4375,1,0.4375,2.2857142857142856
A00326-05,A00326,2021,24,t22term4 t22term5 t22term7 t22term10 t22term6 t22term4 t22term3 t22term10 t22term12 t22term11 t22term8 t22term5 t22term6 t22term2 common24 common37 common24 common28 common15 common31 common1 common11 common8 common20,13,0.9628532184602924,1,16,7,0.4375,1,0.4375,2.2857142857142856
A00328-03,A00328,2025,24,t22term1 t22term11 t22term9 t22term5 t22term10 t22term3 t22term9 t22term2 t22term8 t22term6 t22term9 t22term10 t22term5 t22term3 common6 common18 common21 common12 common17 common23 common18 common19 common27 common11,13,0.9648354816810726,2,19,8,0.42105263157894735,1,0.42105263157894735,2.375
A00328-08,A00328,2025,24,t22term8 t22term6 t22term8 t22term9 t22term9 t22term4 t22term11 t22term11 t22term11 t22term7 t22term8 t22term10 t22term3 t22term10 common34 common12 common9 common18 common23 common6 common3 common29 common35 common5,13,0.9639263553513318,2,19,8,0.42105263157894735,1,0.42105263157894735,2.375
A00329-07,A00329,2000,24,t22term7 t22term10 t22term8 t22term5 t22term7 t22term6 t22term8 t22term5 t22term9 t22term2 t22term5 t22term1 t22term5 t22term8 common39 common33 common24 common8 common23 common7 common18 common22 common24 common34,13,0.9570805049038084,1,4,2,0.5,1,0.5,2
A00339-02,A00339,2003,24,t22term4 t22term9 t22term8 t22term4 t22term11 t22term3 t22term2 t22term1 t22term6 t22term12 t22term10 t22term4 t22term10 t22term2 common1 common17 common29 common10 common36 common34 common18 common1 common11 common5,13,0.9585462313983591,1,8,3,0.375,1,0.375,2.6666666666666665
A00342-01,A00342,2009,24,t22term6 t22term4 t22term10 t22term9 t22term4 t22term9 t22term7 t22term6 t22term4 t22term3 t22term1 t22term2 t22term5 t22term7 common18 common17 common19 common36 common37 common2 common20 common19 common14 common13,13,0.9617714933263654,2,8,3,0.375,1,0.375,2.6666666666666665
A00342-08,A00342,2009,24,t22term8 t22term8 t22term8 t22term5 t22term2 t22term1 t22term10 t22term6 t22term4 t22term8 t22term7 t22term3 t22term6 t22term6 common24 common13 common34 common4 common11 common5 common29 common6 common13 common11,13,0.9601793948166272,2,8,3,0.375,1,0.375,2.6666666666666665
A00345-03,A00345,2010,24,t22term8 t22term7 t22term10 t22term9 t22term12 t22term10 t22term5 t22term9 t22term11 t22term11 t22term8 t22term8 t22term6 t22term3 common28 common25 common1 common1 common39 common4 common4 common3 common2 common39,13,0.960938930431299,1,15,6,0.4,1,0.4,2.5
A00354-04,A00354,2021,24,t22term7 t22term9 t22term10 t22term11 t22term11 t22term10 t22term4 t22term5 t22term2 t22term3 t22term9 t22term5 t22term1 t22term6 common40 common5 common10 common37 common16 common2 common1 common16 common36 common37,13,0.9622713464466977,1,16,7,0.4375,1,0.4375,2.2857142857142856
A00357-09,A00357,2022,24,t22term2 t22term6 t22term5 t22term11 t22term6 t22term10 t22term7 t22term6 t22term2 t22term9 t22term10 t22term7 t22term11 t22term3 common2 common31 common3 common35 common22 common21 common4 common26 common9 common22,13,0.963491536288998,2,21,9,0.42857142857142855,1,0.42857142857142855,2.3333333333333335
A00357-10,A00357,2022,24,t22term7 t22term3 t22term5 t22term3 t22term10 t22term7 t22term5 t22term6 t22term5 t22term12 t22term11 t22term4 t22term3 t22term10 common35 common8 common10 common27 common24 common18 common4 common9 common5 common24,13,0.963812604677138,2,21,9,0.42857142857142855,1,0.42857142857142855,2.3333333333333335
A00360-01,A00360,2020,24,t22term10 t22term6 t22term8 t22term5 t22term12 t22term8 t22term7 t22term8 t22term9 t22term8 t22term1 t22term5 t22term9 t22term12 common18 common24 common24 common4 common30 common26 common24 common1 common27 common31,13,0.9628455612750116,4,16,7,0.4375,0.75,0.328125,3.0476190476190474
A00360-03,A00360,2020,24,t22term10 t22term3 t22term7 t22term5 t22term11 t22term5 t22term6 t22term10 t22term9 t22term4 t22term10 t22term2 t22term3 t22term12 common36 common28 common15 common40 common31 common36 common12 common2 common27 common26,13,0.962862083018174,4,16,7,0.4375,0.75,0.328125,3.0476190476190474
A00360-04,A00360,2020,24,t22term12 t22term5 t22term5 t22term2 t22term8 t22term3 t22term4 t22term12 t22term4 t22term5 t22term9 t22term12 t22term10 t22term12 common8 common27 common2 common30 common10 common8 common13 common24 common24 common22,13,0.9633899077185156,4,16,7,0.4375,0.75,0.328125,3.0476190476190474
A00375-04,A00375,2006,24,t22term1 t22term4 t22term8 t22term12 t22term6 t22term2 t22term9 t22term3 t22term10 t22term12 t22term5 t22term5 t22term2 t22term12 common30 common9 common9 common34 common32 common35 common4 common37 common30 common20,13,0.9592266042340204,1,11,5,0.45454545454545453,1,0.45454545454545453,2.2
A00381-04,A00381,2012,24,t22term10 t22term11 t22term8 t22term10 t22term10 t22term10 t22term9 t22term7 t22term7 t22term12 t22term4 t22term12 t22term4 t22term12 common38 common8 common22 common8 common31 common32 common30 common39 common25 common21,13,0.9611613074029888,2,14,6,0.42857142857142855,1,0.42857142857142855,2.3333333333333335
A00381-06,A00381,2012,24,t22term4 t22term1 t22term9 t22term10 t22term10 t22term9 t22term11 t22term7 t22term9 t22term10 t22term7 t22term8 t22term7 t22term5 common25 common30 common11 common27 common32 common6 common15 common20 common26 common12,13,0.9612960565478804,2,14,6,0.42857142857142855,1,0.42857142857142855,2.3333333333333335
A00402-02,A00402,2024,24,t22term3 t22term7 t22term3 t22term7 t22term3 t22term4 t22term2 t22term7 t22term4 t22term10 t22term4 t22term2 t22term1 t22term6 common21 common8 common24 common2 common4 common35 common6 common21 common38 common34,13,0.9636908226656924,1,19,8,0.42105263157894735,1,0.42105263157894735,2.375
A00405-03,A00405,2017,24,t22term5 t22term5 t22term10 t22term5 t22term1 t22term7 t22term2 t22term3 t22term12 t22term11 t22term3 t22term4 t22term4 t22term10 common8 common12 common9 common4 common9 common19 common10 common9 common36 common23,13,0.9636303540802384,1,13,6,0.46153846153846156,1,0.46153846153846156,2.1666666666666665
A00424-02,A00424,2024,24,t22term12 t22term6 t22term11 t22term2 t22term11 t22term8 t22term4 t22term2 t22term2 t22term11 t22term10 t22term12 t22term5 t22term10 common17 common15 common36 common20 common11 common25 common7 common13 common37 common12,13,0.9633622212710744,1,19,8,0.42105263157894735,1,0.42105263157894735,2.375
A00425-01,A00425,2009,24,t22term3 t22term12 t22term6 t22term7 t22term6 t22term8 t22term1 t22term3 t22term1 t22term4 t22term2 t22term3 t22term7 t22term12 common28 common11 common28 common12 common3 common28 common8 common2 common32 common35,13,0.9607989292788988,1,8,3,0.375,1,0.375,2.6666666666666665
A00428-08,A00428,2012,24,t22term11 t22term5 t22term1 t22term2 t22term9 t22term12 t22term7 t22term1 t22term9 t22term4 t22term10 t22term11 t22term9 t22term5 common31 common6 common38 common18 common34 common15 common36 common32 common9 common17,13,0.9612354284723912,1,14,6,0.42857142857142855,1,0.42857142857142855,2.3333333333333335
A00438-03,A00438,2004,24,t22term9 t22term1 t22term4 t22term7 t22term9 t22term7 t22term5 t22term10 t22term7 t22term2 t22term10 t22term6 t22term1 t22term4 common35 common8 common1 common37 common28 common6 common11 common23 common22 common36,13,0.9595199954342236,1,8,3,0.375,1,0.375,2.6666666666666665
A00439-05,A00439,2021,24,t22term8 t22term5 t22term7 t22term2 t22term10 t22term2 t22term12 t22term9 t22term11 t22term12 t22term4 t22term3 t22term10 t22term8 common39 common37 common10 common19 common21 common5 common20 common2 common32 common3,13,0.9634143036277386,1,16,7,0.4375,1,0.4375,2.2857142857142856
A00440-06,A00440,2013,24,t22term1 t22term4 t22term5 t22term11 t22term1 t22term8 t22term10 t22term9 t22term10 t22term11 t22term2 t22term6 t22term11 t22term3 common4 common3 common22 common8 common15 common39 common37 common36 common39 common35,13,0.9621724759603596,1,10,4,0.4,1,0.4,2.5
A00457-06,A00457,2020,24,t22term3 t22term1 t22term1 t22term4 t22term11 t22term2 t22term12 t22term12 t22term9 t22term9 t22term7 t22term12 t22term12 t22term11 common22 common8 common11 common16 common10 common39 common24 common19 common5 common28,13,0.9626553429793708,1,16,7,0.4375,1,0.4375,2.2857142857142856
A00462-07,A00462,2012,24,t22term8 t22term11 t22term7 t22term11 t22term5 t22term9 t22term5 t22term9 t22term7 t22term4 t22term7 t22term9 t22term10 t22term11 common34 common27 common28 common23 common37 common15 common4 common38 common30 common25,13,0.9608577824571456,1,14,6,0.42857142857142855,1,0.42857142857142855,2.3333333333333335
A00482-04,A00482,2001,24,t22term2 t22term3 t22term2 t22term3 t22term4 t22term9 t22term1 t22term7 t22term5 t22term5 t22term12 t22term3 t22term5 t22term4 common37 common3 common7 common31 common33 common16 common18 common23 common14 common12,13,0.9573574351633732,1,6,3,0.5,1,0.5,2
A00490-02,A00490,2020,24,t22term9 t22term1 t22term11 t22term3 t22term6 t22term10 t22term5 t22term4 t22term8 t22term11 t22term10 t22term4 t22term8 t22term3 common26 common9 common19 common26 common22 common31 common8 common3 common14 common14,13,0.9630373677007956,2,16,7,0.4375,1,0.4375,2.2857142857142856
A00490-07,A00490,2020,24,t22term6 t22term5 t22term5 t22term7 t22term5 t22term8 t22term1 t22term2 t22term8 t22term4 t22term1 t22term4 t22term5 t22term1 common35 common24 common28 common12 common37 common29 common16 common29 common8 common26,13,0.962512032371513,2,16,7,0.4375,1,0.4375,2.2857142857142856
A00491-03,A00491,2016,24,t22term2 t22term5 t22term10 t22term4 t22term10 t22term5 t22term5 t22term4 t22term9 t22term5 t22term7 t22term12 t22term6 t22term11 common8 common13 common12 common24 common32 common32 common32 common14 common13 common35,13,0.9630373329516766,1,16,7,0.4375,1,0.4375,2.2857142857142856
A00495-02,A00495,2004,24,t22term12 t22term6 t22term11 t22term1 t22term3 t22term2 t22term9 t22term10 t22term12 t22term7 t22term7 t22term11 t22term12 t22term1 common34 common39 common35 common15 common13 common38 common4 common37 common12 common35,13,0.9596839366230246,1,8,3,0.375,1,0.375,2.6666666666666665
A00498-05,A00498,2011,24,t22term6 t22term4 t22term8 t22term7 t22term7 t22term3 t22term1 t22term5 t22term8 t22term5 t22term6 t22term8 t22term9 t22term4 common38 common25 common19 common27 common25 common38 common32 common9 common26 common17,13,0.96161095426224,1,14,6,0.42857142857142855,1,0.42857142857142855,2.3333333333333335
A00509-04,A00509,2017,24,t22term9 t22term2 t22term9 t22term12 t22term10 t22term5 t22term4 t22term5 t22term12 t22term10 t22term11 t22term1 t22term8 t22term5 common4 common14 common15 common39 common39 common38 common25 common16 common11 common22,13,0.9612907776679742,1,13,6,0.46153846153846156,1,0.46153846153846156,2.1666666666666665
A00527-06,A00527,2011,24,t22term8 t22term2 t22term10 t22term6 t22term2 t22term9 t22term12 t22term10 t22term5 t22term5 t22term5 t22term1 t22term2 t22term10 common13 common24 common19 common38 common10 common25 common22 common6 common14 common17,13,0.9618557785025196,1,14,6,0.42857142857142855,1,0.42857142857142855,2.3333333333333335
A00541-08,A00541,2022,24,t22term9 t22term4 t22term12 t22term7 t22term10 t22term11 t22term1 t22term9 t22term12 t22term7 t22term9 t22term11 t22term11 t22term3 common32 common24 common3 common28 common24 common24 common9 common26 common23 common7,13,0.962631644277928,1,21,9,0.42857142857142855,1,0.42857142857142855,2.3333333333333335
A00545-03,A00545,2011,24,t22term11 t22term3 t22term9 t22term12 t22term2 t22term8 t22term3 t22term3 t22term2 t22term10 t22term3 t22term5 t22term9 t22term4 common3 common28 common17 common1 common36 common34 common19 common30 common30 common14,13,0.9611023552460172,1,14,6,0.42857142857142855,1,0.42857142857142855,2.3333333333333335
A00562-03,A00562,2022,24,t22term1 t22term3 t22term1 t22term7 t22term12 t22term10 t22term11 t22term8 t22term3 t22term1 t22term1 t22term2 t22term12 t22term7 common27 common31 common21 common16 common27 common21 common28 common40 common24 common28,13,0.9631782501332558,1,21,9,0.42857142857142855,1,0.42857142857142855,2.3333333333333335
A00563-03,A00563,2020,24,t22term12 t22term8 t22term10 t22term7 t22term2 t22term7 t22term8 t22term9 t22term1 t22term10 t22term11 t22term6 t22term10 t22term1 common13 common27 common39 common16 common38 common21 common23 common23 common23 common31,13,0.962866917565902,1,16,7,0.4375,1,0.4375,2.2857142857142856
A00567-02,A00567,2017,24,t22term8 t22term9 t22term12 t22term8 t22term11 t22term3 t22term2 t22term11 t22term7 t22term10 t22term12 t22term7 t22term11 t22term2 common33 common18 common20 common4 common17 common28 common23 common5 common21 common37,13,0.962108178070206,1,13,6,0.46153846153846156,1,0.46153846153846156,2.1666666666666665
A00582-12,A00582,2019,24,t22term2 t22term5 t22term4 t22term8 t22term1 t22term7 t22term4 t22term4 t22term5 t22term7 t22term3 t22term5 t22term7 t22term11 common31 common5 common2 common21 common3 common2 common39 common38 common27 common21,13,0.9626109604883448,1,14,6,0.42857142857142855,1,0.42857142857142855,2.3333333333333335
A00583-06,A00583,2020,24,t22term7 t22term12 t22term4 t22term7 t22term11 t22term1 t22term10 t22term5 t22term7 t22term12 t22term1 t22term1 t22term8 t22term1 common20 common22 common33 common36 common6 common32 common29 common21 common38 common26,13,0.9620986435563048,2,16,7,0.4375,1,0.4375,2.2857142857142856
A00583-07,A00583,2020,24,t22term2 t22term5 t22term5 t22term8 t22term2 t22term1 t22term8 t22term4 t22term4 t22term11 t22term5 t22term11 t22term5 t22term8 common28 common20 common35 common10 common18 common27 common18 common39 common20 common6,13,0.96321126205859,2,16,7,0.4375,1,0.4375,2.2857142857142856
A00592-05,A00592,2010,24,t22term5 t22term10 t22term11 t22term2 t22term4 t22term10 t22term6 t22term9 t22term11 t22term11 t22term3 t22term8 t22term3 t22term11 common25 common12 common9 common3 common15 common27 common37 common9 common39 common29,13,0.9615626790134462,1,15,6,0.4,1,0.4,2.5
A00595-03,A00595,2008,24,t22term12 t22term2 t22term3 t22term2 t22term6 t22term5 t22term7 t22term6 t22term12 t22term12 t22term10 t22term10 t22term5 t22term10 common6 common17 common3 common27 common38 common29 common22 common1 common15 common31,13,0.9603841781892792,1,10,4,0.4,1,0.4,2.5
A00603-01,A00603,2023,24,t22term5 t22term1 t22term3 t22term9 t22term4 t22term3 t22term2 t22term2 t22term11 t22term9 t22term6 t22term10 t22term6 t22term10 common18 common16 common2 common5 common23 common38 common23 common2 common20 common36,13,0.9626368203737812,1,16,7,0.4375,1,0.4375,2.2857142857142856
A00604-03,A00604,2017,24,t22term2 t22term5 t22term4 t22term7 t22term5 t22term6 t22term1 t22term7 t22term8 t22term2 t22term12 t22term12 t22term8 t22term12 common12 common33 common36 common26 common15 common29 common32 common35 common25 common17,13,0.9622955199603478,2,13,6,0.46153846153846156,1,0.46153846153846156,2.1666666666666665
A00604-09,A00604,2017,24,t22term4 t22term2 t22term7 t22term1 t22term8 t22term10 t22term11 t22term11 t22term4 t22term9 t22term4 t22term6 t22term12 t22term12 common7 common20 common37 common13 common34 common33 common18 common9 common11 common27,13,0.9614742971941008,2,13,6,0.46153846153846156,1,0.46153846153846156,2.1666666666666665
A00605-01,A00605,2005,24,t22term12 t22term5 t22term1 t22term4 t22term6 t22term7 t22term6 t22term4 t22term1 t22term10 t22term7 t22term2 t22term9 t22term10 common19 common40 common35 common8 common19 common3 common22 common6 common13 common2,13,0.960860040584922,1,8,3,0.375,1,0.375,2.6666666666666665
A00611-03,A00611,2025,24,t22term4 t22term6 t22term1 t22term8 t22term7 t22term6 t22term11 t22term5 t22term7 t22term3 t22term9 t22term7 t22term6 t22term12 common37 common37 common33 common1 common9 common36 common35 common5 common16 common6,13,0.9633824583481811,2,19,8,0.42105263157894735,1,0.42105263157894735,2.375
A00611-10,A00611,2025,24,t22term5 t22term10 t22term1 t22term8 t22term5 t22term1 t22term4 t22term7 t22term8 t22term4 t22term6 t22term2 t22term12 t22term4 common11 common31 common32 common8 common1 common1 common30 common3 common32 common35,13,0.963746705812232,2,19,8,0.42105263157894735,1,0.42105263157894735,2.375
A00615-05,A00615,2006,24,t22term10 t22term4 t22term8 t22term8 t22term9 t22term11 t22term1 t22term8 t22term11 t22term11 t22term9 t22term11 t22term11 t22term1 common10 common8 common12 common19 common34 common17 common29 common21 common23 common27,13,0.960756347503328,2,11,5,0.45454545454545453,1,0.45454545454545453,2.2
A00615-06,A00615,2006,24,t22term1 t22term10 t22term6 t22term6 t22term3 t22term4 t22term2 t22term8 t22term5 t22term8 t22term3 t22term7 t22term6 t22term11 common25 common4 common33 common31 common4 common35 common7 common3 common9 common31,13,0.9587472443630702,2,11,5,0.45454545454545453,1,0.45454545454545453,2.2
A00624-05,A00624,2012,24,t22term10 t22term1 t22term4 t22term7 t22term9 t22term11 t22term7 t22term4 t22term5 t22term5 t22term3 t22term4 t22term8 t22term4 common30 common29 common2 common23 common35 common25 common37 common23 common25 common35,13,0.9612403205819144,1,14,6,0.42857142857142855,1,0.42857142857142855,2.3333333333333335
A00633-09,A00633,2018,24,t22term5 t22term12 t22term1 t22term1 t22term9 t22term4 t22term6 t22term12 t22term4 t22term7 t22term4 t22term6 t22term11 t22term4 common4 common11 common20 common39 common15 common1 common33 common27 common11 common33,13,0.961621191272934,1,9,4,0.4444444444444444,1,0.4444444444444444,2.25
A00637-04,A00637,2018,24,t22term8 t22term12 t22term10 t22term10 t22term10 t22term1 t22term7 t22term12 t22term9 t22term4 t22term7 t22term1 t22term2 t22term9 common39 common24 common31 common15 common4 common37 common2 common36 common2 common22,13,0.9621618043582671,1,9,4,0.4444444444444444,1,0.4444444444444444,2.25
A00650-02,A00650,2015,24,t22term7 t22term2 t22term11 t22term1 t22term12 t22term2 t22term10 t22term10 t22term12 t22term6 t22term9 t22term10 t22term10 t22term9 common28 common27 common34 common15 common25 common23 common27 common20 common19 common25,13,0.9625182504782668,1,16,7,0.4375,1,0.4375,2.2857142857142856
A00654-05,A00654,2025,24,t22term6 t22term2 t22term11 t22term8 t22term3 t22term5 t22term9 t22term10 t22term1 t22term11 t22term5 t22term10 t22term8 t22term1 common21 common33 common11 common25 common37 common19 common15 common16 common18 common26,13,0.9633987596212114,1,19,8,0.42105263157894735,1,0.42105263157894735,2.375
A00660-03,A00660,2014,24,t22term1 t22term5 t22term6 t22term5 t22term7 t22term4 t22term7 t22term11 t22term6 t22term11 t22term9 t22term1 t22term11 t22term8 common15 common24 common39 common18 common3 common22 common38 common37 common32 common12,13,0.962226112998438,2,10,4,0.4,1,0.4,2.5
A00660-04,A00660,2014,24,t22term10 t22term2 t22term12 t22term12 t22term1 t22term7 t22term11 t22term2 t22term8 t22term1 t22term12 t22term8 t22term11 t22term5 common3 common19 common16 common25 common20 common30 common14 common37 common35 common6,13,0.962059124080113,2,10,4,0.4,1,0.4,2.5
A00675-02,A00675,2022,24,t22term4 t22term8 t22term12 t22term7 t22term10 t22term1 t22term4 t22term8 t22term8 t22term10 t22term6 t22term10 t22term11 t22term4 common32 common27 common24 common20 common26 common18 common3 common37 common22 common19,13,0.9639704810461296,3,21,9,0.42857142857142855,1,0.42857142857142855,2.3333333333333335
A00675-03,A00675,2022,24,t22term2 t22term7 t22term10 t22term11 t22term10 t22term12 t22term10 t22term1 t22term5 t22term8 t22term10 t22term5 t22term4 t22term2 common2 common31 common2 common9 common35 common25 common25 common22 common38 common28,13,0.9628805178741126,3,21,9,0.42857142857142855,1,0.42857142857142855,2.3333333333333335
A00675-04,A00675,2022,24,t22term8 t22term8 t22term1 t22term2 t22term9 t22term2 t22term9 t22term11 t22term8 t22term10 t22term3 t22term6 t22term3 t22term5 common22 common39 common15 common22 common17 common29 common4 common1 common39 common35,13,0.9629813227654112,3,21,9,0.42857142857142855,1,0.42857142857142855,2.3333333333333335
A00690-04,A00690,2008,24,t22term9 t22term4 t22term4 t22term11 t22term1 t22term4 t22term4 t22term7 t22term9 t22term2 t22term7 t22term5 t22term2 t22term11 common12 common4 common20 common25 common8 common9 common26 common38 common20 common15,13,0.960494940061871,1,10,4,0.4,1,0.4,2.5
A00699-06,A00699,2010,24,t22term1 t22term9 t22term5 t22term8 t22term8 t22term7 t22term8 t22term6 t22term3 t22term8 t22term4 t22term5 t22term1 t22term4 common32 common13 common39 common24 common18 common17 common29 common6 common12 common11,13,0.9612714712966764,1,15,6,0.4,1,0.4,2.5
A00710-03,A00710,2005,24,t22term5 t22term12 t22term1 t22term5 t22term5 t22term2 t22term9 t22term7 t22term1 t22term3 t22term12 t22term1 t22term9 t22term4 common37 common7 common27 common3 common36 common6 common18 common30 common14 common21,13,0.9589416151727114,1,8,3,0.375,1,0.375,2.6666666666666665
A00711-06,A00711,2001,24,t22term2 t22term11 t22term10 t22term5 t22term7 t22term3 t22term11 t22term10 t22term7 t22term5 t22term9 t22term5 t22term2 t22term5 common10 common30 common13 common36 common14 common22 common23 common16 common16 common38,13,0.9576385207609028,1,6,3,0.5,1,0.5,2
A00717-02,A00717,2016,24,t22term6 t22term10 t22term1 t22term10 t22term9 t22term8 t22term1 t22term5 t22term9 t22term5 t22term8 t22term9 t22term12 t22term2 common33 common5 common30 common38 common11 common14 common2 common11 common1 common33,13,0.9602495156270684,1,16,7,0.4375,1,0.4375,2.2857142857142856
A00722-09,A00722,2010,24,t22term11 t22term5 t22term7 t22term9 t22term9 t22term8 t22term7 t22term9 t22term9 t22term2 t22term9 t22term4 t22term1 t22term4 common14 common27 common35 common39 common1 common25 common9 common35 common6 common7,13,0.9605201073020508,1,15,6,0.4,1,0.4,2.5
A00723-07,A00723,2023,24,t22term1 t22term9 t22term3 t22term8 t22term8 t22term6 t22term2 t22term6 t22term3 t22term6 t22term5 t22term9 t22term1 t22term10 common32 common29 common36 common21 common35 common5 common38 common37 common19 common38,13,0.9632158724035548,2,16,7,0.4375,1,0.4375,2.2857142857142856
A00723-08,A00723,2023,24,t22term1 t22term9 t22term5 t22term3 t22term3 t22term11 t22term10 t22term9 t22term12 t22term6 t22term12 t22term11 t22term11 t22term3 common12 common21 common20 common38 common27 common8 common12 common18 common3 common12,13,0.9648237477728908,2,16,7,0.4375,1,0.4375,2.2857142857142856
A00728-03,A00728,2023,24,t22term1 t22term11 t22term11 t22term5 t22term9 t22term5 t22term12 t22term9 t22term7 t22term11 t22term4 t22term11 t22term3 t22term9 common24 common39 common19 common1 common2 common27 common28 common14 common4 common29,13,0.963292008634776,1,16,7,0.4375,1,0.4375,2.2857142857142856
A00735-02,A00735,2025,24,t22term10 t22term2 t22term1 t22term9 t22term8 t22term4 t22term1 t22term6 t22term6 t22term3 t22term9 t22term9 t22term3 t22term2 common38 common10 common39 common14 common29 common28 common35 common3 common37 common14,13,0.963384536564336,2,19,8,0.42105263157894735,1,0.42105263157894735,2.375
A00735-06,A00735,2025,24,t22term8 t22term1 t22term8 t22term10 t22term12 t22term4 t22term5 t22term8 t22term7 t22term10 t22term9 t22term1 t22term3 t22term8 common11 common30 common7 common31 common40 common40 common14 common37 common38 common11,13,0.9615929332465996,2,19,8,0.42105263157894735,1,0.42105263157894735,2.375
A00747-03,A00747,2006,24,t22term10 t22term12 t22term3 t22term8 t22term11 t22term8 t22term6 t22term1 t22term9 t22term2 t22term1 t22term10 t22term4 t22term1 common35 common12 common32 common28 common27 common15 common27 common37 common8 common30,13,0.9602784385549608,1,11,5,0.45454545454545453,1,0.45454545454545453,2.2
A00748-03,A00748,2015,24,t22term7 t22term4 t22term5 t22term6 t22term6 t22term4 t22term3 t22term8 t22term8 t22term9 t22term1 t22term3 t22term12 t22term6 common21 common13 common27 common21 common35 common11 common23 common21 common20 common20,13,0.9629793980557916,1,16,7,0.4375,1,0.4375,2.2857142857142856
A00755-01,A00755,2014,24,t22term5 t22term7 t22term12 t22term12 t22term5 t22term9 t22term2 t22term6 t22term9 t22term2 t22term6 t22term5 t22term4 t22term3 common33 common12 common8 common2 common7 common12 common33 common9 common18 common15,13,0.960980904825158,1,10,4,0.4,1,0.4,2.5
A00759-05,A00759,2006,24,t22term1 t22term1 t22term7 t22term9 t22term9 t22term4 t22term2 t22term9 t22term12 t22term11 t22term10 t22term11 t22term8 t22term9 common39 common10 common34 common18 common36 common17 common12 common13 common30 common35,13,0.9603642250553958,1,11,5,0.45454545454545453,1,0.45454545454545453,2.2
A00763-04,A00763,2012,24,t22term5 t22term5 t22term12 t22term2 t22term4 t22term2 t22term7 t22term9 t22term3 t22term3 t22term12 t22term4 t22term6 t22term2 common28 common22 common35 common39 common12 common10 common25 common9 common2 common18,13,0.9618648603066412,2,14,6,0.42857142857142855,1,0.42857142857142855,2.3333333333333335
A00763-05,A00763,2012,24,t22term7 t22term4 t22term12 t22term8 t22term9 t22term8 t22term11 t22term4 t22term2 t22term4 t22term8 t22term1 t22term9 t22term12 common24 common23 common17 common14 common36 common30 common25 common29 common24 common10,13,0.9613068044652456,2,14,6,0.42857142857142855,1,0.42857142857142855,2.3333333333333335
A00768-05,A00768,2000,24,t22term4 t22term7 t22term1 t22term4 t22term12 t22term2 t22term1 t22term3 t22term2 t22term4 t22term6 t22term12 t22term4 t22term6 common33 common33 common36 common34 common37 common30 common25 common5 common26 common26,13,0.9566925296085232,1,4,2,0.5,1,0.5,2
A00782-04,A00782,2024,24,t22term1 t22term1 t22term10 t22term11 t22term10 t22term1 t22term5 t22term7 t22term5 t22term11 t22term3 t22term12 t22term6 t22term3 common19 common40 common17 common35 common11 common26 common38 common27 common22 common11,13,0.9638158609774145,1,19,8,0.42105263157894735,1,0.42105263157894735,2.375
A00785-08,A00785,2017,24,t22term2 t22term12 t22term7 t22term6 t22term1 t22term8 t22term3 t22term3 t22term10 t22term12 t22term8 t22term10 t22term5 t22term4 common4 common12 common17 common13 common8 common21 common32 common4 common11 common30,13,0.9628498747347488,2,13,6,0.46153846153846156,1,0.46153846153846156,2.1666666666666665
A00785-09,A00785,2017,24,t22term5 t22term3 t22term10 t22term12 t22term8 t22term7 t22term5 t22term12 t22term3 t22term4 t22term12 t22term11 t22term10 t22term9 common4 common10 common30 common16 common9 common31 common24 common31 common12 common21,13,0.9622804433715356,2,13,6,0.46153846153846156,1,0.46153846153846156,2.1666666666666665
A00796-01,A00796,2007,24,t22term11 t22term12 t22term3 t22term1 t22term3 t22term12 t22term5 t22term1 t22term4 t22term3 t22term2 t22term10 t22term9 t22term2 common6 common25 common36 common9 common10 common23 common37 common39 common33 common33,13,0.9597120262080592,1,3,2,0.6666666666666666,1,0.6666666666666666,1.5
A00805-01,A00805,2002,24,t22term3 t22term1 t22term5 t22term5 t22term6 t22term10 t22term5 t22term8 t22term12 t22term9 t22term10 t22term2 t22term6 t22term6 common34 common35 common25 common3 common8 common10 common5 common10 common14 common29,13,0.9585784916410336,1,3,2,0.6666666666666666,1,0.6666666666666666,1.5
A00812-04,A00812,2022,24,t22term3 t22term11 t22term1 t22term1 t22term7 t22term8 t22term3 t22term5 t22term6 t22term8 t22term3 t22term11 t22term4 t22term5 common21 common31 common28 common16 common6 common29 common10 common5 common10 common32,13,0.9625005902829648,1,21,9,0.42857142857142855,1,0.42857142857142855,2.3333333333333335
A00815-02,A00815,2024,24,t22term7 t22term1 t22term2 t22term6 t22term3 t22term5 t22term11 t22term9 t22term12 t22term4 t22term5 t22term9 t22term10 t22term7 common18 common12 common21 common35 common38 common12 common3 common37 common33 common21,13,0.9644367787041755,1,19,8,0.42105263157894735,1,0.42105263157894735,2.375
A00819-07,A00819,2018,24,t22term3 t22term5 t22term2 t22term9 t22term8 t22term2 t22term11 t22term3 t22term9 t22term8 t22term2 t22term9 t22term7 t22term4 common39 common1 common13 common29 common7 common3 common8 common13 common37 common28,13,0.962260911357194,2,9,4,0.4444444444444444,1,0.4444444444444444,2.25
A00819-09,A00819,2018,24,t22term4 t22term6 t22term9 t22term2 t22term3 t22term3 t22term1 t22term4 t22term3 t22term6 t22term12 t22term9 t22term7 t22term8 common12 common12 common28 common6 common34 common1 common11 common13 common23 common25,13,0.963061022092078,2,9,4,0.4444444444444444,1,0.4444444444444444,2.25
A00821-01,A00821,2016,24,t22term6 t22term12 t22term4 t22term9 t22term2 t22term10 t22term5 t22term11 t22term12 t22term9 t22term10 t22term10 t22term8 t22term9 common22 common27 common2 common21 common22 common37 common39 common6 common30 common27,13,0.9623209748877484,2,16,7,0.4375,1,0.4375,2.2857142857142856
A00821-04,A00821,2016,24,t22term5 t22term7 t22term4 t22term6 t22term11 t22term2 t22term8 t22term2 t22term12 t22term9 t22term4 t22term9 t22term5 t22term8 common28 common38 common11 common7 common25 common26 common13 common36 common34 common1,13,0.96110895673484,2,16,7,0.4375,1,0.4375,2.2857142857142856
A00828-02,A00828,2019,24,t22term4 t22term8 t22term2 t22term6 t22term5 t22term6 t22term3 t22term2 t22term8 t22term4 t22term1 t22term9 t22term1 t22term2 common16 common26 common18 common11 common10 common1 common32 common25 common31 common3,13,0.96252538609039,2,14,6,0.42857142857142855,1,0.42857142857142855,2.3333333333333335
A00828-06,A00828,2019,24,t22term8 t22term5 t22term10 t22term8 t22term2 t22term2 t22term1 t22term12 t22term6 t22term10 t22term9 t22term2 t22term9 t22term8 common14 common10 common15 common38 common37 common34 common6 common9 common34 common27,13,0.962254833794993,2,14,6,0.42857142857142855,1,0.42857142857142855,2.3333333333333335
A00849-03,A00849,2014,24,t22term11 t22term7 t22term9 t22term10 t22term6 t22term4 t22term4 t22term6 t22term11 t22term8 t22term4 t22term11 t22term5 t22term12 common18 common29 common19 common31 common36 common3 common17 common13 common1 common10,13,0.9629567276637826,1,10,4,0.4,1,0.4,2.5
A00856-01,A00856,2020,24,t22term3 t22term9 t22term3 t22term2 t22term12 t22term12 t22term5 t22term9 t22term2 t22term3 t22term6 t22term11 t22term8 t22term4 common36 common32 common29 common14 common3 common17 common39 common17 common5 common6,13,0.9627116844197668,1,16,7,0.4375,1,0.4375,2.2857142857142856
A00878-02,A00878,2003,24,t22term6 t22term10 t22term11 t22term11 t22term5 t22term4 t22term9 t22term6 t22term4 t22term4 t22term10 t22term4 t22term12 t22term9 common28 common10 common2 common30 common32 common18 common4 common27 common13 common15,13,0.9588370448332478,1,8,3,0.375,1,0.375,2.6666666666666665
A00883-04,A00883,2019,24,t22term12 t22term2 t22term2 t22term11 t22term2 t22term5 t22term11 t22term3 t22term6 t22term1 t22term3 t22term7 t22term5 t22term10 common23 common17 common33 common26 common15 common28 common18 common17 common12 common16,13,0.9624808423919704,1,14,6,0.42857142857142855,1,0.42857142857142855,2.3333333333333335
A00891-05,A00891,2024,24,t22term2 t22term2 t22term11 t22term4 t22term5 t22term9 t22term12 t22term12 t22term9 t22term10 t22term6 t22term4 t22term4 t22term1 common32 common38 common12 common6 common14 common3 common14 common39 common2 common18,13,0.9633996967065348,2,19,8,0.42105263157894735,1,0.42105263157894735,2.375
A00891-07,A00891,2024,24,t22term8 t22term4 t22term4 t22term5 t22term9 t22term8 t22term6 t22term6 t22term10 t22term8 t22term5 t22term10 t22term2 t22term2 common39 common9 common16 common16 common8 common12 common9 common27 common36 common40,13,0.963694560164972,2,19,8,0.42105263157894735,1,0.42105263157894735,2.375
A00895-01,A00895,2012,24,t22term4 t22term5 t22term1 t22term8 t22term1 t22term1 t22term3 t22term8 t22term1 t22term11 t22term9 t22term3 t22term2 t22term3 common19 common12 common3 common27 common30 common23 common30 common33 common37 common2,13,0.9616893114381524,1,14,6,0.42857142857142855,1,0.42857142857142855,2.3333333333333335
A00923-03,A00923,2007,24,t22term5 t22term1 t22term1 t22term12 t22term2 t22term7 t22term2 t22term6 t22term11 t22term3 t22term9 t22term4 t22term1 t22term7 common17 common25 common32 common5 common35 common27 common8 common32 common27 common29,13,0.960237354362649,1,3,2,0.6666666666666666,1,0.6666666666666666,1.5
A00938-10,A00938,2014,24,t22term6 t22term9 t22term7 t22term8 t22term11 t22term12 t22term4 t22term1 t22term11 t22term9 t22term10 t22term2 t22term7 t22term1 common4 common36 common14 common8 common20 common12 common22 common2 common35 common15,13,0.9621464232546544,1,10,4,0.4,1,0.4,2.5
A00944-01,A00944,2022,24,t22term2 t22term3 t22term1 t22term4 t22term8 t22term3 t22term9 t22term11 t22term3 t22term4 t22term11 t22term12 t22term11 t22term4 common38 common15 common38 common7 common15 common24 common30 common23 common40 common16,13,0.9609571479099068,1,21,9,0.42857142857142855,1,0.42857142857142855,2.3333333333333335
A00945-04,A00945,2015,24,t22term6 t22term11 t22term3 t22term7 t22term2 t22term4 t22term5 t22term12 t22term7 t22term5 t22term8 t22term9 t22term2 t22term2 common17 common38 common14 common3 common33 common17 common30 common10 common31 common24,13,0.9618322900548644,1,16,7,0.4375,1,0.4375,2.2857142857142856
A00952-04,A00952,2023,24,t22term11 t22term11 t22term10 t22term11 t22term8 t22term8 t22term5 t22term1 t22term3 t22term12 t22term6 t22term8 t22term10 t22term1 common38 common17 common36 common37 common14 common8 common1 common16 common33 common10,13,0.9630496777551396,1,16,7,0.4375,1,0.4375,2.2857142857142856
A00970-04,A00970,2013,24,t22term6 t22term11 t22term6 t22term1 t22term12 t22term2 t22term3 t22term1 t22term12 t22term6 t22term9 t22term4 t22term1 t22term11 common36 common34 common30 common18 common8 common24 common4 common19 common31 common22,13,0.9618193154905668,1,10,4,0.4,1,0.4,2.5
A00980-11,A00980,2010,24,t22term8 t22term5 t22term10 t22term3 t22term7 t22term3 t22term6 t22term3 t22term12 t22term10 t22term11 t22term8 t22term5 t22term4 common28 common5 common38 common31 common13 common19 common24 common27 common34 common3,13,0.961308930508867,1,15,6,0.4,1,0.4,2.5
A00981-05,A00981,2024,24,t22term9 t22term10 t22term8 t22term11 t22term12 t22term10 t22term10 t22term6 t22term10 t22term5 t22term10 t22term5 t22term10 t22term3 common7 common40 common3 common18 common13 common4 common13 common30 common26 common3,13,0.9633335780689688,1,19,8,0.42105263157894735,1,0.42105263157894735,2.375
A00987-01,A00987,2019,24,t22term10 t22term12 t22term8 t22term7 t22term3 t22term4 t22term8 t22term6 t22term9 t22term4 t22term7 t22term10 t22term12 t22term1 common3 common16 common33 common9 common27 common28 common19 common30 common23 common34,13,0.9624233869799012,1,14,6,0.42857142857142855,1,0.42857142857142855,2.3333333333333335
A00999-10,A00999,2015,24,t22term3 t22term3 t22term2 t22term10 t22term8 t22term3 t22term7 t22term6 t22term6 t22term4 t22term9 t22term11 t22term4 t22term2 common25 common10 common35 common32 common40 common40 common26 common35 common16 common23,13,0.9618119962457732,1,16,7,0.4375,1,0.4375,2.2857142857142856
A01019-01,A01019,2011,24,t22term7 t22term2 t22term8 t22term7 t22term3 t22term1 t22term8 t22term8 t22term4 t22term5 t22term3 t22term8 t22term3 t22term1 common8 common8 common26 common34 common24 common33 common1 common13 common14 common24,13,0.9611191893830484,1,14,6,0.42857142857142855,1,0.42857142857142855,2.3333333333333335
A01020-01,A01020,2010,24,t22term4 t22term8 t22term7 t22term5 t22term4 t22term4 t22term6 t22term1 t22term1 t22term8 t22term4 t22term6 t22term1 t22term2 common10 common12 common25 common20 common39 common28 common39 common15 common20 common17,13,0.9611713025295666,1,15,6,0.4,1,0.4,2.5
A01022-03,A01022,2021,24,t22term4 t22term5 t22term7 t22term5 t22term10 t22term5 t22term6 t22term5 t22term7 t22term11 t22term12 t22term3 t22term8 t22term3 common12 common1 common2 common12 common40 common16 common9 common10 common26 common29,13,0.9629766725343134,1,16,7,0.4375,1,0.4375,2.2857142857142856
A00011-02,A00011,2019,24,t2term9 t2term8 t2term9 t2term6 t2term2 t2term5 t2term8 t2term5 t2term4 t2term5 t2term8 t2term2 t2term5 t2term10 common32 common12 common4 common19 common7 common32 common5 common27 common23 common35,22,0.9592147612012236,1,8,3,0.375,1,0.375,2.6666666666666665
A00014-04,A00014,2003,24,t2term4 t2term6 t2term4 t2term5 t2term4 t2term8 t2term5 t2term8 t2term5 t2term11 t2term11 t2term2 t2term5 t2term4 common11 common37 common36 common40 common19 common3 common32 common39 common17 common18,22,0.9628464567386578,2,21,9,0.42857142857142855,1,0.42857142857142855,2.3333333333333335
A00014-05,A00014,2003,24,t2term5 t2term8 t2term11 t2term10 t2term8 t2term12 t2term8 t2term2 t2term4 t2term2 t2term8 t2term2 t2term3 t2term6 common19 common26 common8 common22 common14 common4 common21 common20 common3 common36,22,0.9632164332714522,2,21,9,0.42857142857142855,1,0.42857142857142855,2.3333333333333335
A00021-02,A00021,2024,24,t2term5 t2term7 t2term2 t2term6 t2term3 t2term12 t2term6 t2term12 t2term1 t2term4 t2term3 t2term1 t2term2 t2term8 common6 common36 common29 common11 common34 common20 common22 common37 common2 common9,22,0.9577080321939792,1,4,2,0.5,1,0.5,2
A00022-01,A00022,2016,24,t2term5 t2term3 t2term12 t2term12 t2term6 t2term9 t2term5 t2term7 t2term4 t2term4 t2term12 t2term6 t2term9 t2term1 common17 common31 common24 common39 common34 common16 common10 common25 common33 common30,22,0.9612388535590024,1,11,5,0.45454545454545453,1,0.45454545454545453,2.2
A00025-01,A00025,2010,24,t2term5 t2term12 t2term4 t2term10 t2term2 t2term5 t2term7 t2term2 t2term9 t2term4 t2term11 t2term2 t2term11 t2term4 common18 common4 common8 common27 common35 common33 common22 common28 common23 common38,22,0.9616363595547086,3,19,8,0.42105263157894735,1,0.42105263157894735,2.375
A00025-05,A00025,2010,24,t2term8 t2term8 t2term1 t2term8 t2term12 t2term11 t2term3 t2term1 t2term4 t2term8 t2term8 t2term5 t2term10 t2term4 common8 common12 common30 common38 common15 common10 common35 common18 common17 common21,22,0.9618169869500028,3,19,8,0.42105263157894735,1,0.42105263157894735,2.375
A00025-09,A00025,2010,24,t2term3 t2term10 t2term1 t2term2 t2term12 t2term4 t2term10 t2term12 t2term11 t2term12 t2term9 t2term9 t2term12 t2term6 common8 common39 common26 common14 common27 common34 common30 common27 common34 common34,22,0.9630706477527716,3,19,8,0.42105263157894735,1,0.42105263157894735,2.375
A00035-06,A00035,2005,24,t2term6 t2term1 t2term2 t2term9 t2term9 t2term7 t2term3 t2term4 t2term10 t2term5 t2term10 t2term7 t2term2 t2term1 common8 common15 common22 common29 common11 common23 common10 common17 common10 common33,22,0.962606082081653,1,11,5,0.45454545454545453,1,0.45454545454545453,2.2
A00041-08,A00041,2000,24,t2term12 t2term4 t2term11 t2term12 t2term4 t2term1 t2term5 t2term4 t2term7 t2term7 t2term6 t2term1 t2term6 t2term8 common33 common10 common17 common31 common17 common27 common8 common39 common13 common29,22,0.96455366916954,2,25,11,0.44,1,0.44,2.272727272727273
A00041-12,A00041,2000,24,t2term9 t2term11 t2term1 t2term11 t2term9 t2term7 t2term12 t2term12 t2term1 t2term8 t2term1 t2term11 t2term7 t2term8 common11 common4 common21 common12 common13 common8 common22 common33 common32 common16,22,0.9642163205364298,2,25,11,0.44,1,0.44,2.272727272727273
A00043-03,A00043,2000,24,t2term1 t2term11 t2term8 t2term7 t2term9 t2term5 t2term7 t2term2 t2term7 t2term11 t2term10 t2term10 t2term12 t2term8 common27 common33 common39 common3 common34 common16 common14 common40 common28 common14,22,0.9642446895684672,1,25,11,0.44,1,0.44,2.272727272727273
A00052-01,A00052,2000,24,t2term6 t2term8 t2term12 t2term6 t2term6 t2term2 t2term1 t2term6 t2term7 t2term12 t2term4 t2term9 t2term3 t2term5 common27 common25 common23 common7 common23 common36 common15 common35 common10 common23,22,0.9652881837050143,2,25,11,0.44,1,0.44,2.272727272727273
A00052-03,A00052,2000,24,t2term8 t2term8 t2term6 t2term2 t2term2 t2term7 t2term8 t2term3 t2term10 t2term11 t2term2 t2term6 t2term9 t2term8 common39 common18 common1 common35 common39 common7 common31 common26 common22 common6,22,0.9642588979773234,2,25,11,0.44,1,0.44,2.272727272727273
A00066-07,A00066,2013,24,t2term2 t2term10 t2term10 t2term11 t2term5 t2term5 t2term12 t2term6 t2term11 t2term9 t2term3 t2term5 t2term3 t2term7 common3 common17 common5 common14 common30 common6 common38 common30 common34 common15,22,0.9619824081327416,2,12,5,0.4166666666666667,1,0.4166666666666667,2.4
A00066-08,A00066,2013,24,t2term1 t2term9 t2term1 t2term1 t2term12 t2term6 t2term2 t2term4 t2term8 t2term3 t2term3 t2term1 t2term2 t2term1 common6 common22 common19 common28 common10 common27 common35 common38 common34 common35,22,0.9618847665670648,2,12,5,0.4166666666666667,1,0.4166666666666667,2.4
A00079-02,A00079,2000,24,t2term3 t2term9 t2term8 t2term9 t2term5 t2term3 t2term2 t2term11 t2term11 t2term6 t2term11 t2term10 t2term2 t2term6 common36 common20 common25 common26 common39 common31 common31 common30 common31 common37,22,0.9647248150739004,1,25,11,0.44,1,0.44,2.272727272727273
A00084-01,A00084,2022,24,t2term9 t2term9 t2term3 t2term2 t2term12 t2term12 t2term9 t2term2 t2term5 t2term11 t2term12 t2term7 t2term11 t2term9 common40 common33 common23 common31 common35 common25 common1 common25 common38 common19,22,0.9591272085842464,1,8,3,0.375,1,0.375,2.6666666666666665
A00087-08,A00087,2007,24,t2term9 t2term3 t2term4 t2term4 t2term8 t2term12 t2term11 t2term11 t2term7 t2term11 t2term5 t2term10 t2term5 t2term6 common1 common37 common20 common29 common32 common35 common1 common38 common36 common13,22,0.9624875123000548,1,16,7,0.4375,1,0.4375,2.2857142857142856
A00091-01,A00091,2012,24,t2term4 t2term7 t2term12 t2term7 t2term11 t2term6 t2term2 t2term1 t2term1 t2term5 t2term2 t2term12 t2term11 t2term1 common24 common7 common40 common23 common15 common38 common10 common26 common1 common9,22,0.9599657699810636,1,12,5,0.4166666666666667,1,0.4166666666666667,2.4
A00098-12,A00098,2019,24,t2term4 t2term5 t2term10 t2term7 t2term6 t2term1 t2term7 t2term11 t2term9 t2term10 t2term6 t2term10 t2term11 t2term7 common23 common8 common39 common19 common5 common23 common36 common20 common1 common27,22,0.9601511377798018,1,8,3,0.375,1,0.375,2.6666666666666665
A00107-04,A00107,2022,24,t2term6 t2term11 t2term4 t2term1 t2term6 t2term11 t2term2 t2term11 t2term10 t2term7 t2term4 t2term7 t2term7 t2term9 common18 common24 common22 common29 common8 common22 common12 common3 common38 common34,22,0.9591899835206888,1,8,3,0.375,1,0.375,2.6666666666666665
A00108-02,A00108,2002,24,t2term4 t2term9 t2term11 t2term12 t2term1 t2term2 t2term5 t2term2 t2term8 t2term4 t2term8 t2term2 t2term8 t2term4 common39 common28 common23 common7 common30 common17 common40 common30 common30 common14,22,0.9631057903463546,1,18,8,0.4444444444444444,1,0.4444444444444444,2.25
A00115-02,A00115,2006,24,t2term8 t2term7 t2term2 t2term6 t2term7 t2term6 t2term11 t2term7 t2term11 t2term2 t2term11 t2term11 t2term3 t2term5 common10 common2 common5 common26 common39 common32 common14 common10 common5 common31,22,0.9618968120024493,1,17,7,0.4117647058823529,1,0.4117647058823529,2.428571428571429
A00124-01,A00124,2020,24,t2term8 t2term2 t2term5 t2term8 t2term8 t2term10 t2term11 t2term12 t2term7 t2term7 t2term1 t2term6 t2term3 t2term11 common15 common26 common31 common16 common25 common19 common23 common27 common35 common28,22,0.9592553620174208,1,4,2,0.5,1,0.5,2
A00134-07,A00134,2018,24,t2term2 t2term7 t2term1 t2term12 t2term5 t2term10 t2term7 t2term9 t2term1 t2term10 t2term10 t2term12 t2term5 t2term7 common7 common16 common33 common39 common27 common24 common33 common35 common34 common9,22,0.9590748319711632,1,8,3,0.375,1,0.375,2.6666666666666665
A00158-01,A00158,2025,24,t2term9 t2term12 t2term5 t2term5 t2term3 t2term7 t2term12 t2term6 t2term12 t2term8 t2term9 t2term9 t2term1 t2term12 common31 common33 common19 common13 common3 common33 common5 common14 common4 common28,22,0.9569765956920784,1,6,3,0.5,1,0.5,2
A00166-02,A00166,2008,24,t2term10 t2term7 t2term2 t2term3 t2term4 t2term8 t2term12 t2term6 t2term9 t2term12 t2term5 t2term12 t2term7 t2term9 common12 common28 common20 common32 common10 common31 common21 common1 common8 common7,22,0.9610114840836066,1,15,6,0.4,1,0.4,2.5
A00170-06,A00170,2006,24,t2term12 t2term9 t2term10 t2term12 t2term2 t2term8 t2term2 t2term5 t2term2 t2term2 t2term7 t2term11 t2term5 t2term8 common1 common17 common30 common37 common34 common23 common35 common25 common29 common39,22,0.9635561948130276,1,17,7,0.4117647058823529,1,0.4117647058823529,2.428571428571429
A00173-05,A00173,2011,24,t2term12 t2term10 t2term4 t2term5 t2term1 t2term3 t2term2 t2term4 t2term10 t2term12 t2term9 t2term10 t2term8 t2term12 common21 common19 common15 common4 common5 common5 common8 common19 common38 common1,22,0.9618247178244448,1,16,7,0.4375,1,0.4375,2.2857142857142856
A00175-08,A00175,2016,24,t2term11 t2term10 t2term6 t2term6 t2term7 t2term4 t2term3 t2term4 t2term10 t2term12 t2term11 t2term10 t2term1 t2term3 common33 common35 common3 common12 common35 common1 common25 common3 common14 common20,22,0.9609122767200544,1,11,5,0.45454545454545453,1,0.45454545454545453,2.2
A00176-06,A00176,2007,24,t2term8 t2term3 t2term5 t2term7 t2term7 t2term11 t2term8 t2term10 t2term4 t2term3 t2term3 t2term3 t2term8 t2term10 common9 common16 common18 common5 common17 common12 common4 common33 common1 common15,22,0.9620527942939,1,16,7,0.4375,1,0.4375,2.2857142857142856
A00180-03,A00180,2007,24,t2term11 t2term5 t2term3 t2term4 t2term7 t2term8 t2term8 t2term1 t2term11 t2term12 t2term12 t2term7 t2term3 t2term10 common24 common28 common4 common22 common5 common30 common25 common1 common32 common21,22,0.9622465335066944,1,16,7,0.4375,1,0.4375,2.2857142857142856
A00185-11,A00185,2015,24,t2term8 t2term1 t2term7 t2term8 t2term8 t2term12 t2term10 t2term3 t2term3 t2term12 t2term3 t2term5 t2term12 t2term8 common37 common28 common6 common20 common13 common17 common6 common7 common36 common21,22,0.9594179855019328,1,10,4,0.4,1,0.4,2.5
A00191-04,A00191,2013,24,t2term1 t2term4 t2term7 t2term11 t2term2 t2term11 t2term8 t2term10 t2term1 t2term12 t2term1 t2term3 t2term1 t2term8 common12 common14 common29 common20 common3 common35 common36 common32 common28 common19,22,0.9611974321015608,1,12,5,0.4166666666666667,1,0.4166666666666667,2.4
A00232-01,A00232,2009,24,t2term9 t2term3 t2term8 t2term5 t2term1 t2term5 t2term4 t2term5 t2term1 t2term1 t2term5 t2term6 t2term3 t2term10 common10 common35 common37 common13 common20 common29 common11 common34 common31 common7,22,0.9618911103750296,1,8,3,0.375,1,0.375,2.6666666666666665
A00236-09,A00236,2012,24,t2term11 t2term9 t2term8 t2term3 t2term5 t2term7 t2term4 t2term5 t2term1 t2term10 t2term12 t2term6 t2term2 t2term8 common13 common23 common16 common20 common36 common39 common21 common14 common2 common30,22,0.9619795674761488,2,12,5,0.4166666666666667,1,0.4166666666666667,2.4
A00236-11,A00236,2012,24,t2term3 t2term7 t2term2 t2term10 t2term5 t2term10 t2term5 t2term1 t2term5 t2term6 t2term11 t2term2 t2term1 t2term4 common8 common22 common35 common38 common19 common12 common8 common3 common9 common12,22,0.9617646567570676,2,12,5,0.4166666666666667,1,0.4166666666666667,2.4
A00254-01,A00254,2006,24,t2term2 t2term1 t2term2 t2term6 t2term4 t2term3 t2term6 t2term4 t2term12 t2term11 t2term12 t2term2 t2term9 t2term6 common39 common16 common36 common11 common40 common6 common2 common38 common11 common20,22,0.9617981022422436,2,17,7,0.4117647058823529,1,0.4117647058823529,2.428571428571429
A00254-04,A00254,2006,24,t2term1 t2term4 t2term1 t2term3 t2term8 t2term8 t2term5 t2term10 t2term6 t2term1 t2term9 t2term12 t2term1 t2term10 common7 common23 common35 common10 common15 common8 common26 common37 common40 common5,22,0.9613434753107728,2,17,7,0.4117647058823529,1,0.4117647058823529,2.428571428571429
A00276-04,A00276,2010,24,t2term6 t2term5 t2term8 t2term11 t2term10 t2term3 t2term3 t2term12 t2term9 t2term12 t2term8 t2term10 t2term1 t2term1 common20 common26 common9 common38 common7 common4 common5 common4 common5 common24,22,0.9602542425326585,2,19,8,0.42105263157894735,1,0.42105263157894735,2.375
A00276-05,A00276,2010,24,t2term1 t2term5 t2term12 t2term7 t2term9 t2term10 t2term11 t2term7 t2term6 t2term5 t2term5 t2term12 t2term8 t2term12 common26 common30 common26 common18 common37 common36 common15 common9 common34 common38,22,0.9609245307876784,2,19,8,0.42105263157894735,1,0.42105263157894735,2.375
A00281-04,A00281,2021,24,t2term3 t2term11 t2term12 t2term3 t2term6 t2term4 t2term6 t2term3 t2term3 t2term6 t2term2 t2term1 t2term10 t2term2 common40 common24 common7 common22 common6 common28 common25 common11 common19 common36,22,0.9579381827885232,1,4,2,0.5,1,0.5,2
A00282-02,A00282,2002,24,t2term8 t2term10 t2term2 t2term4 t2term4 t2term2 t2term4 t2term6 t2term5 t2term5 t2term11 t2term5 t2term8 t2term10 common27 common37 common23 common30 common2 common13 common28 common34 common9 common29,22,0.9635951663529132,1,18,8,0.4444444444444444,1,0.4444444444444444,2.25
A00285-07,A00285,2014,24,t2term2 t2term11 t2term2 t2term7 t2term7 t2term2 t2term5 t2term5 t2term2 t2term4 t2term4 t2term7 t2term9 t2term7 common16 common22 common11 common36 common36 common14 common24 common12 common31 common25,22,0.9620150927520658,1,8,3,0.375,1,0.375,2.6666666666666665
A00293-01,A00293,2002,24,t2term5 t2term9 t2term4 t2term10 t2term10 t2term2 t2term10 t2term4 t2term5 t2term7 t2term3 t2term5 t2term3 t2term2 common25 common36 common29 common29 common38 common23 common24 common36 common8 common9,22,0.9642214834407484,1,18,8,0.4444444444444444,1,0.4444444444444444,2.25
A00296-06,A00296,2006,24,t2term7 t2term12 t2term5 t2term9 t2term3 t2term3 t2term9 t2term7 t2term6 t2term11 t2term8 t2term8 t2term1 t2term9 common12 common16 common39 common34 common23 common6 common16 common21 common15 common36,22,0.9634534021874492,1,17,7,0.4117647058823529,1,0.4117647058823529,2.428571428571429
A00305-03,A00305,2001,24,t2term1 t2term1 t2term6 t2term2 t2term6 t2term4 t2term5 t2term9 t2term10 t2term3 t2term3 t2term8 t2term6 t2term3 common11 common17 common4 common21 common1 common32 common23 common20 common35 common40,22,0.9635766140289204,1,11,5,0.45454545454545453,1,0.45454545454545453,2.2
A00307-05,A00307,2009,24,t2term7 t2term1 t2term4 t2term6 t2term3 t2term5 t2term9 t2term12 t2term10 t2term1 t2term4 t2term7 t2term7 t2term3 common18 common7 common32 common5 common18 common40 common32 common24 common22 common24,22,0.9614923214810592,1,8,3,0.375,1,0.375,2.6666666666666665
A00312-04,A00312,2001,24,t2term9 t2term10 t2term12 t2term8 t2term8 t2term12 t2term6 t2term1 t2term1 t2term1 t2term11 t2term1 t2term8 t2term4 common18 common20 common26 common21 common37 common36 common9 common36 common7 common38,22,0.9625468856762832,1,11,5,0.45454545454545453,1,0.45454545454545453,2.2
A00321-06,A00321,2010,24,t2term4 t2term1 t2term5 t2term8 t2term4 t2term8 t2term7 t2term12 t2term5 t2term6 t2term12 t2term10 t2term10 t2term5 common33 common39 common9 common30 common9 common6 common21 common2 common40 common15,22,0.960477819670429,1,19,8,0.42105263157894735,1,0.42105263157894735,2.375
A00344-01,A00344,2004,24,t2term1 t2term2 t2term8 t2term7 t2term6 t2term3 t2term2 t2term2 t2term3 t2term12 t2term3 t2term7 t2term12 t2term11 common6 common18 common33 common6 common15 common16 common29 common40 common29 common1,22,0.9632713581774968,1,18,8,0.4444444444444444,1,0.4444444444444444,2.25
A00349-04,A00349,2008,24,t2term5 t2term12 t2term10 t2term12 t2term8 t2term2 t2term12 t2term12 t2term9 t2term10 t2term5 t2term8 t2term7 t2term12 common28 common23 common10 common31 common21 common33 common9 common19 common37 common34,22,0.9614993536697238,1,15,6,0.4,1,0.4,2.5
A00358-02,A00358,2005,24,t2term2 t2term9 t2term10 t2term6 t2term4 t2term3 t2term11 t2term12 t2term10 t2term3 t2term2 t2term7 t2term7 t2term10 common23 common10 common37 common21 common16 common32 common16 common13 common29 common30,22,0.9633454491180772,1,11,5,0.45454545454545453,1,0.45454545454545453,2.2
A00361-02,A00361,2007,24,t2term1 t2term6 t2term7 t2term8 t2term6 t2term8 t2term3 t2term12 t2term10 t2term1 t2term2 t2term12 t2term3 t2term3 common27 common15 common3 common28 common10 common11 common38 common34 common6 common9,22,0.9616925961562256,1,16,7,0.4375,1,0.4375,2.2857142857142856
A00376-01,A00376,2007,24,t2term9 t2term11 t2term4 t2term9 t2term12 t2term11 t2term1 t2term5 t2term5 t2term3 t2term1 t2term8 t2term11 t2term8 common25 common38 common1 common12 common6 common19 common12 common14 common21 common39,22,0.9627172663813078,2,16,7,0.4375,1,0.4375,2.2857142857142856
A00376-02,A00376,2007,24,t2term11 t2term11 t2term4 t2term5 t2term11 t2term7 t2term5 t2term2 t2term3 t2term2 t2term2 t2term7 t2term1 t2term3 common36 common8 common17 common37 common14 common30 common25 common13 common6 common24,22,0.963068250722634,2,16,7,0.4375,1,0.4375,2.2857142857142856
A00379-03,A00379,2000,24,t2term11 t2term2 t2term11 t2term2 t2term10 t2term3 t2term10 t2term8 t2term2 t2term12 t2term8 t2term2 t2term6 t2term11 common31 common29 common27 common24 common3 common9 common28 common4 common11 common33,22,0.963494771353531,2,25,11,0.44,1,0.44,2.272727272727273
A00379-10,A00379,2000,24,t2term2 t2term3 t2term11 t2term12 t2term10 t2term7 t2term6 t2term6 t2term11 t2term10 t2term11 t2term9 t2term7 t2term7 common36 common8 common18 common9 common11 common1 common40 common38 common7 common25,22,0.963822674446278,2,25,11,0.44,1,0.44,2.272727272727273
A00420-01,A00420,2008,24,t2term6 t2term8 t2term1 t2term2 t2term11 t2term2 t2term11 t2term2 t2term10 t2term1 t2term12 t2term7 t2term11 t2term6 common24 common40 common19 common28 common39 common13 common21 common7 common22 common34,22,0.9614838617473938,1,15,6,0.4,1,0.4,2.5
A00429-03,A00429,2003,24,t2term1 t2term5 t2term11 t2term9 t2term3 t2term4 t2term4 t2term1 t2term10 t2term6 t2term7 t2term3 t2term9 t2term7 common33 common23 common4 common23 common11 common5 common19 common30 common17 common32,22,0.9634388908952026,1,21,9,0.42857142857142855,1,0.42857142857142855,2.3333333333333335
A00430-08,A00430,2010,24,t2term12 t2term2 t2term1 t2term12 t2term6 t2term5 t2term3 t2term8 t2term7 t2term5 t2term9 t2term7 t2term8 t2term5 common9 common36 common9 common16 common13 common30 common7 common8 common25 common16,22,0.9623273373512142,1,19,8,0.42105263157894735,1,0.42105263157894735,2.375
A00438-05,A00438,2004,24,t2term8 t2term5 t2term8 t2term12 t2term1 t2term4 t2term3 t2term1 t2term10 t2term9 t2term3 t2term2 t2term2 t2term4 common10 common29 common38 common28 common33 common8 common6 common15 common2 common28,22,0.9614021289344032,1,18,8,0.4444444444444444,1,0.4444444444444444,2.25
A00462-09,A00462,2012,24,t2term11 t2term8 t2term1 t2term12 t2term11 t2term8 t2term8 t2term10 t2term7 t2term7 t2term12 t2term9 t2term8 t2term7 common38 common36 common14 common10 common35 common25 common26 common28 common12 common33,22,0.9606621655206468,1,12,5,0.4166666666666667,1,0.4166666666666667,2.4
A00473-06,A00473,2003,24,t2term2 t2term1 t2term9 t2term2 t2term11 t2term9 t2term2 t2term2 t2term3 t2term5 t2term1 t2term1 t2term9 t2term1 common17 common26 common20 common15 common27 common23 common32 common34 common9 common11,22,0.9627616161719812,1,21,9,0.42857142857142855,1,0.42857142857142855,2.3333333333333335
A00476-12,A00476,2003,24,t2term8 t2term9 t2term2 t2term5 t2term1 t2term4 t2term4 t2term4 t2term7 t2term1 t2term12 t2term11 t2term2 t2term1 common13 common14 common27 common23 common17 common19 common32 common32 common15 common28,22,0.9631956696220124,1,21,9,0.42857142857142855,1,0.42857142857142855,2.3333333333333335
A00486-05,A00486,2018,24,t2term12 t2term2 t2term12 t2term1 t2term8 t2term1 t2term8 t2term6 t2term12 t2term7 t2term6 t2term10 t2term2 t2term10 common34 common7 common7 common17 common20 common36 common23 common34 common40 common25,22,0.959696352538436,2,8,3,0.375,1,0.375,2.6666666666666665
A00486-09,A00486,2018,24,t2term9 t2term6 t2term6 t2term6 t2term9 t2term10 t2term8 t2term1 t2term8 t2term12 t2term7 t2term11 t2term5 t2term4 common39 common34 common13 common6 common28 common16 common18 common25 common25 common26,22,0.9602019587580092,2,8,3,0.375,1,0.375,2.6666666666666665
A00488-07,A00488,2008,24,t2term1 t2term11 t2term11 t2term10 t2term6 t2term5 t2term11 t2term1 t2term10 t2term9 t2term1 t2term5 t2term12 t2term7 common31 common22 common28 common18 common3 common8 common35 common27 common32 common30,22,0.9625678543368597,1,15,6,0.4,1,0.4,2.5
A00499-05,A00499,2008,24,t2term10 t2term2 t2term6 t2term11 t2term6 t2term1 t2term5 t2term1 t2term11 t2term8 t2term11 t2term9 t2term1 t2term2 common26 common6 common12 common25 common4 common9 common3 common2 common22 common39,22,0.9618445653313484,2,15,6,0.4,1,0.4,2.5
A00499-07,A00499,2008,24,t2term1 t2term7 t2term3 t2term3 t2term7 t2term8 t2term6 t2term10 t2term2 t2term3 t2term7 t2term5 t2term1 t2term6 common25 common1 common7 common39 common12 common19 common26 common30 common10 common33,22,0.9617653328431328,2,15,6,0.4,1,0.4,2.5
A00503-04,A00503,2000,24,t2term2 t2term9 t2term12 t2term10 t2term7 t2term5 t2term9 t2term9 t2term10 t2term7 t2term7 t2term10 t2term9 t2term7 common30 common21 common32 common12 common3 common35 common19 common24 common26 common36,22,0.9644434499242088,1,25,11,0.44,1,0.44,2.272727272727273
A00505-07,A00505,2005,24,t2term7 t2term9 t2term6 t2term5 t2term7 t2term12 t2term7 t2term9 t2term10 t2term8 t2term2 t2term3 t2term12 t2term11 common21 common39 common30 common27 common5 common19 common14 common19 common8 common20,22,0.9633603956844032,1,11,5,0.45454545454545453,1,0.45454545454545453,2.2
A00527-01,A00527,2011,24,t2term9 t2term7 t2term3 t2term4 t2term11 t2term5 t2term7 t2term8 t2term3 t2term5 t2term2 t2term3 t2term7 t2term9 common4 common12 common31 common29 common26 common8 common33 common6 common2 common9,22,0.9607978350445828,1,16,7,0.4375,1,0.4375,2.2857142857142856
A00531-03,A00531,2002,24,t2term6 t2term5 t2term11 t2term2 t2term11 t2term3 t2term6 t2term3 t2term9 t2term1 t2term4 t2term8 t2term3 t2term7 common20 common33 common21 common13 common14 common29 common9 common36 common20 common26,22,0.9627160766136732,1,18,8,0.4444444444444444,1,0.4444444444444444,2.25
A00544-10,A00544,2014,24,t2term12 t2term11 t2term12 t2term8 t2term7 t2term5 t2term10 t2term2 t2term3 t2term10 t2term2 t2term3 t2term11 t2term10 common32 common24 common18 common22 common30 common18 common16 common17 common25 common10,22,0.9620353587352852,1,8,3,0.375,1,0.375,2.6666666666666665
A00548-04,A00548,2000,24,t2term1 t2term5 t2term10 t2term8 t2term7 t2term11 t2term6 t2term2 t2term5 t2term6 t2term2 t2term2 t2term12 t2term9 common24 common17 common40 common36 common14 common26 common15 common38 common1 common26,22,0.9631996954479042,2,25,11,0.44,1,0.44,2.272727272727273
A00548-12,A00548,2000,24,t2term8 t2term8 t2term7 t2term3 t2term8 t2term2 t2term12 t2term10 t2term6 t2term2 t2term8 t2term2 t2term2 t2term8 common16 common16 common28 common1 common34 common5 common20 common27 common17 common22,22,0.9652084184673536,2,25,11,0.44,1,0.44,2.272727272727273
A00550-10,A00550,2007,24,t2term7 t2term7 t2term2 t2term10 t2term9 t2term9 t2term1 t2term10 t2term4 t2term11 t2term12 t2term3 t2term10 t2term5 common24 common22 common14 common11 common1 common29 common4 common34 common13 common24,22,0.9629369676123376,1,16,7,0.4375,1,0.4375,2.2857142857142856
A00552-06,A00552,2017,24,t2term4 t2term12 t2term11 t2term2 t2term11 t2term6 t2term2 t2term2 t2term1 t2term1 t2term10 t2term9 t2term5 t2term3 common25 common35 common1 common23 common33 common38 common5 common16 common15 common24,22,0.9605325364023868,2,9,4,0.4444444444444444,1,0.4444444444444444,2.25
A00552-12,A00552,2017,24,t2term5 t2term9 t2term3 t2term9 t2term3 t2term6 t2term6 t2term3 t2term5 t2term12 t2term4 t2term1 t2term9 t2term2 common9 common34 common15 common39 common1 common38 common35 common40 common40 common13,22,0.9593706137486968,2,9,4,0.4444444444444444,1,0.4444444444444444,2.25
A00555-01,A00555,2009,24,t2term1 t2term6 t2term10 t2term9 t2term6 t2term3 t2term10 t2term9 t2term10 t2term11 t2term4 t2term1 t2term11 t2term6 common40 common8 common14 common11 common18 common37 common23 common35 common27 common30,22,0.9621895770569396,1,8,3,0.375,1,0.375,2.6666666666666665
A00566-06,A00566,2023,24,t2term2 t2term11 t2term2 t2term1 t2term8 t2term11 t2term4 t2term8 t2term12 t2term2 t2term2 t2term8 t2term5 t2term12 common16 common19 common5 common13 common35 common26 common8 common25 common25 common4,22,0.9592271714311804,1,5,2,0.4,1,0.4,2.5
A00574-06,A00574,2000,24,t2term2 t2term4 t2term9 t2term3 t2term4 t2term5 t2term10 t2term4 t2term12 t2term7 t2term12 t2term6 t2term8 t2term5 common16 common31 common33 common25 common32 common24 common20 common1 common4 common3,22,0.964898463037366,1,25,11,0.44,1,0.44,2.272727272727273
A00581-06,A00581,2005,24,t2term6 t2term10 t2term7 t2term6 t2term6 t2term6 t2term3 t2term4 t2term6 t2term9 t2term6 t2term2 t2term1 t2term1 common17 common29 common14 common23 common23 common17 common8 common14 common28 common18,22,0.9628144110249808,1,11,5,0.45454545454545453,1,0.45454545454545453,2.2
A00586-01,A00586,2016,24,t2term1 t2term11 t2term4 t2term9 t2term3 t2term6 t2term10 t2term12 t2term9 t2term12 t2term9 t2term12 t2term12 t2term5 common34 common10 common11 common35 common15 common30 common23 common31 common5 common35,22,0.9612113198171166,1,11,5,0.45454545454545453,1,0.45454545454545453,2.2
A00607-05,A00607,2023,24,t2term6 t2term11 t2term5 t2term2 t2term7 t2term4 t2term10 t2term5 t2term4 t2term3 t2term2 t2term3 t2term10 t2term7 common25 common30 common27 common32 common14 common12 common14 common5 common8 common36,22,0.9590576832688666,1,5,2,0.4,1,0.4,2.5
A00608-08,A00608,2002,24,t2term1 t2term11 t2term3 t2term2 t2term1 t2term12 t2term7 t2term4 t2term6 t2term3 t2term8 t2term7 t2term12 t2term7 common11 common34 common21 common35 common29 common8 common31 common14 common7 common12,22,0.9636092915916826,1,18,8,0.4444444444444444,1,0.4444444444444444,2.25
A00612-03,A00612,2011,24,t2term12 t2term7 t2term9 t2term1 t2term11 t2term6 t2term1 t2term12 t2term1 t2term6 t2term7 t2term12 t2term3 t2term8 common7 common34 common17 common8 common17 common24 common10 common4 common2 common13,22,0.9614791305151532,1,16,7,0.4375,1,0.4375,2.2857142857142856
A00615-09,A00615,2006,24,t2term9 t2term7 t2term3 t2term11 t2term3 t2term9 t2term1 t2term10 t2term8 t2term12 t2term3 t2term1 t2term8 t2term10 common40 common35 common26 common32 common32 common13 common13 common38 common30 common23,22,0.9621935942139505,1,17,7,0.4117647058823529,1,0.4117647058823529,2.428571428571429
A00618-02,A00618,2017,24,t2term9 t2term2 t2term2 t2term4 t2term9 t2term11 t2term10 t2term11 t2term9 t2term7 t2term3 t2term9 t2term4 t2term12 common37 common29 common24 common8 common11 common18 common28 common2 common20 common37,22,0.9584124379567212,1,9,4,0.4444444444444444,1,0.4444444444444444,2.25
A00625-10,A00625,2011,24,t2term7 t2term5 t2term11 t2term2 t2term5 t2term9 t2term11 t2term8 t2term7 t2term6 t2term5 t2term6 t2term10 t2term3 common34 common38 common6 common38 common21 common9 common26 common21 common24 common13,22,0.9607763264877228,1,16,7,0.4375,1,0.4375,2.2857142857142856
A00632-06,A00632,2013,24,t2term11 t2term4 t2term3 t2term2 t2term6 t2term10 t2term12 t2term3 t2term7 t2term8 t2term12 t2term9 t2term9 t2term10 common14 common22 common35 common21 common4 common34 common14 common16 common4 common23,22,0.9621898993265252,3,12,5,0.4166666666666667,1,0.4166666666666667,2.4
A00632-07,A00632,2013,24,t2term12 t2term12 t2term7 t2term11 t2term8 t2term10 t2term1 t2term3 t2term6 t2term10 t2term4 t2term5 t2term11 t2term7 common1 common29 common5 common29 common17 common24 common8 common29 common23 common18,22,0.9618950994271837,3,12,5,0.4166666666666667,1,0.4166666666666667,2.4
A00632-09,A00632,2013,24,t2term2 t2term10 t2term5 t2term3 t2term7 t2term6 t2term7 t2term10 t2term6 t2term6 t2term11 t2term4 t2term5 t2term3 common7 common21 common28 common3 common11 common3 common27 common12 common17 common12,22,0.9599079781440988,3,12,5,0.4166666666666667,1,0.4166666666666667,2.4
A00646-07,A00646,2011,24,t2term9 t2term11 t2term12 t2term3 t2term7 t2term12 t2term3 t2term1 t2term1 t2term5 t2term5 t2term12 t2term11 t2term9 common7 common16 common13 common9 common1 common21 common33 common10 common18 common12,22,0.961053834339146,1,16,7,0.4375,1,0.4375,2.2857142857142856
A00659-03,A00659,2019,24,t2term5 t2term5 t2term6 t2term12 t2term11 t2term12 t2term2 t2term1 t2term3 t2term5 t2term12 t2term2 t2term10 t2term12 common39 common29 common38 common18 common2 common12 common2 common19 common35 common36,22,0.9592349261873692,1,8,3,0.375,1,0.375,2.6666666666666665
A00678-07,A00678,2004,24,t2term1 t2term9 t2term1 t2term10 t2term12 t2term10 t2term6 t2term5 t2term4 t2term1 t2term2 t2term7 t2term4 t2term4 common16 common16 common38 common39 common12 common13 common11 common13 common36 common8,22,0.963517394863758,1,18,8,0.4444444444444444,1,0.4444444444444444,2.25
A00680-06,A00680,2016,24,t2term12 t2term7 t2term3 t2term1 t2term7 t2term7 t2term11 t2term9 t2term1 t2term8 t2term3 t2term8 t2term8 t2term9 common19 common8 common34 common8 common5 common26 common14 common21 common26 common10,22,0.9599249584654396,1,11,5,0.45454545454545453,1,0.45454545454545453,2.2
A00685-05,A00685,2004,24,t2term9 t2term8 t2term10 t2term9 t2term12 t2term10 t2term9 t2term10 t2term6 t2term11 t2term7 t2term12 t2term11 t2term11 common32 common9 common15 common21 common9 common17 common9 common7 common15 common38,22,0.9608779649165372,1,18,8,0.4444444444444444,1,0.4444444444444444,2.25
A00697-04,A00697,2012,24,t2term12 t2term8 t2term11 t2term8 t2term6 t2term10 t2term12 t2term4 t2term12 t2term12 t2term4 t2term5 t2term11 t2term10 common37 common33 common34 common14 common26 common33 common31 common26 common8 common28,22,0.9597081548882402,1,12,5,0.4166666666666667,1,0.4166666666666667,2.4
A00707-04,A00707,2013,24,t2term11 t2term4 t2term9 t2term5 t2term2 t2term6 t2term12 t2term5 t2term9 t2term4 t2term12 t2term12 t2term8 t2term8 common40 common38 common8 common31 common31 common35 common14 common24 common3 common17,22,0.9613362913378328,1,12,5,0.4166666666666667,1,0.4166666666666667,2.4
A00712-04,A00712,2017,24,t2term8 t2term3 t2term2 t2term7 t2term1 t2term4 t2term12 t2term2 t2term12 t2term5 t2term7 t2term1 t2term5 t2term3 common10 common31 common25 common18 common11 common34 common21 common34 common4 common9,22,0.9604701178468888,1,9,4,0.4444444444444444,1,0.4444444444444444,2.25
A00724-03,A00724,2003,24,t2term3 t2term2 t2term1 t2term5 t2term1 t2term10 t2term6 t2term7 t2term1 t2term8 t2term10 t2term2 t2term1 t2term12 common12 common22 common28 common7 common40 common24 common32 common17 common21 common27,22,0.9619797668446954,2,21,9,0.42857142857142855,1,0.42857142857142855,2.3333333333333335
A00724-06,A00724,2003,24,t2term1 t2term3 t2term7 t2term9 t2term2 t2term1 t2term4 t2term11 t2term10 t2term7 t2term2 t2term9 t2term11 t2term7 common12 common17 common24 common24 common11 common11 common1 common38 common12 common12,22,0.9626393799149614,2,21,9,0.42857142857142855,1,0.42857142857142855,2.3333333333333335
A00745-04,A00745,2003,24,t2term4 t2term6 t2term6 t2term11 t2term6 t2term1 t2term3 t2term8 t2term12 t2term1 t2term4 t2term7 t2term3 t2term11 common29 common35 common5 common32 common6 common13 common23 common8 common10 common29,22,0.9640582858575246,1,21,9,0.42857142857142855,1,0.42857142857142855,2.3333333333333335
A00756-03,A00756,2010,24,t2term4 t2term12 t2term1 t2term5 t2term7 t2term6 t2term4 t2term10 t2term11 t2term12 t2term3 t2term6 t2term5 t2term4 common38 common40 common25 common2 common35 common25 common18 common37 common19 common7,22,0.961748493459158,1,19,8,0.42105263157894735,1,0.42105263157894735,2.375
A00760-02,A00760,2006,24,t2term9 t2term7 t2term9 t2term8 t2term10 t2term6 t2term1 t2term5 t2term5 t2term12 t2term8 t2term5 t2term4 t2term11 common3 common31 common25 common32 common22 common3 common35 common6 common8 common27,22,0.9637399472977476,1,17,7,0.4117647058823529,1,0.4117647058823529,2.428571428571429
A00764-02,A00764,2010,24,t2term12 t2term10 t2term2 t2term5 t2term2 t2term1 t2term6 t2term11 t2term10 t2term5 t2term2 t2term12 t2term6 t2term7 common37 common9 common22 common22 common30 common24 common30 common15 common21 common23,22,0.9620227770057768,1,19,8,0.42105263157894735,1,0.42105263157894735,2.375
A00765-07,A00765,2006,24,t2term11 t2term10 t2term4 t2term3 t2term7 t2term10 t2term5 t2term4 t2term9 t2term9 t2term4 t2term7 t2term1 t2term6 common20 common22 common12 common10 common25 common29 common24 common5 common14 common2,22,0.9629457021142958,2,17,7,0.4117647058823529,1,0.4117647058823529,2.428571428571429
A00765-09,A00765,2006,24,t2term11 t2term12 t2term4 t2term10 t2term4 t2term6 t2term7 t2term1 t2term4 t2term5 t2term8 t2term5 t2term7 t2term5 common38 common37 common29 common1 common32 common23 common34 common23 common25 common22,22,0.963531626285688,2,17,7,0.4117647058823529,1,0.4117647058823529,2.428571428571429
A00776-05,A00776,2010,24,t2term3 t2term5 t2term5 t2term8 t2term1 t2term12 t2term7 t2term1 t2term2 t2term8 t2term6 t2term6 t2term9 t2term8 common3 common21 common26 common6 common35 common7 common27 common6 common36 common11,22,0.9612825851768289,1,19,8,0.42105263157894735,1,0.42105263157894735,2.375
A00785-05,A00785,2017,24,t2term12 t2term5 t2term11 t2term9 t2term6 t2term10 t2term5 t2term5 t2term5 t2term6 t2term5 t2term11 t2term12 t2term1 common21 common17 common10 common34 common11 common36 common23 common23 common22 common29,22,0.9606318515992792,1,9,4,0.4444444444444444,1,0.4444444444444444,2.25
A00793-04,A00793,2022,24,t2term6 t2term1 t2term11 t2term2 t2term1 t2term3 t2term2 t2term10 t2term10 t2term1 t2term7 t2term9 t2term4 t2term11 common5 common3 common1 common12 common28 common27 common38 common7 common13 common37,22,0.9571668071347428,1,8,3,0.375,1,0.375,2.6666666666666665
A00799-07,A00799,2001,24,t2term1 t2term1 t2term8 t2term7 t2term11 t2term11 t2term8 t2term10 t2term1 t2term12 t2term10 t2term1 t2term4 t2term4 common33 common28 common26 common23 common29 common12 common6 common30 common29 common18,22,0.963537797821207,1,11,5,0.45454545454545453,1,0.45454545454545453,2.2
A00803-01,A00803,2000,24,t2term9 t2term1 t2term8 t2term2 t2term2 t2term8 t2term3 t2term1 t2term12 t2term10 t2term5 t2term11 t2term5 t2term3 common39 common6 common37 common1 common24 common34 common16 common24 common35 common14,22,0.9652144607511682,2,25,11,0.44,1,0.44,2.272727272727273
A00803-06,A00803,2000,24,t2term11 t2term9 t2term10 t2term7 t2term6 t2term7 t2term6 t2term5 t2term8 t2term8 t2term7 t2term9 t2term4 t2term2 common6 common9 common17 common14 common28 common24 common10 common1 common28 common16,22,0.9636036521087212,2,25,11,0.44,1,0.44,2.272727272727273
A00817-01,A00817,2000,24,t2term8 t2term1 t2term12 t2term7 t2term3 t2term10 t2term5 t2term7 t2term5 t2term2 t2term8 t2term9 t2term4 t2term11 common26 common14 common29 common27 common14 common33 common1 common1 common34 common21,22,0.964382676972172,1,25,11,0.44,1,0.44,2.272727272727273
A00818-05,A00818,2002,24,t2term3 t2term3 t2term6 t2term3 t2term7 t2term2 t2term1 t2term11 t2term7 t2term11 t2term8 t2term7 t2term11 t2term3 common31 common37 common15 common25 common22 common29 common35 common23 common26 common27,22,0.9641564759078196,1,18,8,0.4444444444444444,1,0.4444444444444444,2.25
A00823-04,A00823,2015,24,t2term5 t2term4 t2term12 t2term3 t2term8 t2term4 t2term10 t2term4 t2term9 t2term4 t2term5 t2term3 t2term7 t2term12 common34 common13 common33 common3 common33 common9 common24 common29 common33 common2,22,0.9599398861651598,1,10,4,0.4,1,0.4,2.5
A00831-10,A00831,2021,24,t2term7 t2term8 t2term4 t2term10 t2term11 t2term4 t2term10 t2term2 t2term3 t2term9 t2term9 t2term11 t2term12 t2term6 common15 common32 common22 common10 common29 common4 common16 common12 common9 common39,22,0.958421438728313,1,4,2,0.5,1,0.5,2
A00839-04,A00839,2010,24,t2term10 t2term7 t2term5 t2term1 t2term8 t2term8 t2term6 t2term4 t2term3 t2term2 t2term12 t2term1 t2term1 t2term7 common17 common2 common16 common39 common11 common26 common8 common37 common3 common6,22,0.961196578778748,1,19,8,0.42105263157894735,1,0.42105263157894735,2.375
A00846-02,A00846,2004,24,t2term5 t2term4 t2term10 t2term4 t2term9 t2term7 t2term1 t2term5 t2term2 t2term4 t2term3 t2term2 t2term3 t2term10 common34 common2 common16 common40 common14 common31 common7 common39 common36 common6,22,0.963144779175914,2,18,8,0.4444444444444444,1,0.4444444444444444,2.25
A00846-03,A00846,2004,24,t2term2 t2term3 t2term1 t2term12 t2term10 t2term12 t2term8 t2term12 t2term11 t2term2 t2term2 t2term2 t2term1 t2term7 common24 common13 common20 common12 common12 common33 common39 common35 common25 common27,22,0.9633764836800262,2,18,8,0.4444444444444444,1,0.4444444444444444,2.25
A00857-08,A00857,2011,24,t2term2 t2term2 t2term10 t2term6 t2term12 t2term6 t2term11 t2term2 t2term4 t2term8 t2term8 t2term8 t2term4 t2term3 common29 common10 common38 common40 common5 common33 common5 common34 common15 common39,22,0.9612663022577408,1,16,7,0.4375,1,0.4375,2.2857142857142856
A00860-08,A00860,2016,24,t2term11 t2term11 t2term12 t2term12 t2term5 t2term2 t2term2 t2term2 t2term11 t2term3 t2term11 t2term6 t2term4 t2term10 common23 common1 common1 common1 common32 common39 common23 common19 common39 common18,22,0.9610306062707852,1,11,5,0.45454545454545453,1,0.45454545454545453,2.2
A00884-09,A00884,2020,24,t2term5 t2term7 t2term2 t2term10 t2term8 t2term10 t2term4 t2term8 t2term9 t2term5 t2term10 t2term4 t2term7 t2term11 common23 common15 common34 common3 common13 common22 common12 common1 common33 common33,22,0.959309036297152,1,4,2,0.5,1,0.5,2
A00891-01,A00891,2024,24,t2term3 t2term10 t2term12 t2term8 t2term12 t2term7 t2term9 t2term12 t2term10 t2term8 t2term3 t2term11 t2term9 t2term3 common31 common29 common11 common24 common13 common24 common10 common31 common19 common6,22,0.9584550512659352,1,4,2,0.5,1,0.5,2
A00893-02,A00893,2018,24,t2term1 t2term6 t2term7 t2term4 t2term10 t2term12 t2term4 t2term12 t2term3 t2term9 t2term5 t2term6 t2term11 t2term4 common26 common27 common19 common8 common4 common21 common15 common26 common23 common3,22,0.9588654220395736,1,8,3,0.375,1,0.375,2.6666666666666665
A00896-03,A00896,2008,24,t2term4 t2term1 t2term11 t2term6 t2term5 t2term1 t2term8 t2term3 t2term8 t2term9 t2term12 t2term1 t2term3 t2term4 common36 common10 common8 common18 common14 common31 common19 common17 common30 common5,22,0.9630250521723206,1,15,6,0.4,1,0.4,2.5
A00901-04,A00901,2014,24,t2term11 t2term11 t2term3 t2term10 t2term8 t2term8 t2term3 t2term3 t2term6 t2term12 t2term7 t2term9 t2term12 t2term6 common6 common5 common22 common25 common21 common1 common14 common6 common24 common15,22,0.9616426776688504,1,8,3,0.375,1,0.375,2.6666666666666665
A00905-08,A00905,2002,24,t2term4 t2term1 t2term2 t2term7 t2term5 t2term5 t2term8 t2term3 t2term10 t2term5 t2term1 t2term7 t2term4 t2term2 common20 common25 common37 common32 common3 common39 common24 common16 common30 common27,22,0.9642573155495228,1,18,8,0.4444444444444444,1,0.4444444444444444,2.25
A00907-04,A00907,2004,24,t2term10 t2term9 t2term6 t2term1 t2term9 t2term10 t2term7 t2term12 t2term11 t2term6 t2term5 t2term3 t2term5 t2term3 common29 common25 common34 common23 common18 common17 common3 common26 common22 common5,22,0.963844038492384,1,18,8,0.4444444444444444,1,0.4444444444444444,2.25
A00908-06,A00908,2004,24,t2term3 t2term8 t2term4 t2term8 t2term3 t2term7 t2term7 t2term10 t2term3 t2term8 t2term8 t2term3 t2term4 t2term9 common31 common34 common39 common4 common3 common24 common17 common30 common34 common8,22,0.9639577053583266,1,18,8,0.4444444444444444,1,0.4444444444444444,2.25
A00917-04,A00917,2005,24,t2term7 t2term6 t2term5 t2term6 t2term7 t2term11 t2term5 t2term7 t2term10 t2term9 t2term2 t2term12 t2term5 t2term8 common27 common7 common16 common2 common37 common8 common28 common20 common8 common24,22,0.9618388040565622,1,11,5,0.45454545454545453,1,0.45454545454545453,2.2
A00918-02,A00918,2001,24,t2term3 t2term12 t2term10 t2term5 t2term3 t2term2 t2term4 t2term8 t2term2 t2term10 t2term9 t2term1 t2term7 t2term12 common5 common20 common3 common30 common30 common4 common17 common38 common21 common11,22,0.9637639228803688,1,11,5,0.45454545454545453,1,0.45454545454545453,2.2
A00923-01,A00923,2007,24,t2term7 t2term1 t2term8 t2term3 t2term9 t2term1 t2term7 t2term1 t2term8 t2term6 t2term1 t2term7 t2term6 t2term1 common22 common11 common18 common34 common13 common27 common24 common39 common2 common18,22,0.9628803432178916,1,16,7,0.4375,1,0.4375,2.2857142857142856
A00939-06,A00939,2012,24,t2term11 t2term12 t2term11 t2term4 t2term7 t2term10 t2term10 t2term7 t2term9 t2term6 t2term6 t2term6 t2term3 t2term1 common8 common13 common2 common25 common20 common24 common8 common26 common18 common21,22,0.961269367076784,1,12,5,0.4166666666666667,1,0.4166666666666667,2.4
A00948-01,A00948,2025,24,t2term12 t2term7 t2term12 t2term4 t2term1 t2term2 t2term9 t2term10 t2term3 t2term11 t2term1 t2term2 t2term4 t2term12 common39 common18 common2 common1 common2 common32 common21 common10 common14 common4,22,0.9570476249744166,1,6,3,0.5,1,0.5,2
A00959-08,A00959,2000,24,t2term6 t2term12 t2term7 t2term10 t2term9 t2term7 t2term2 t2term2 t2term3 t2term10 t2term2 t2term10 t2term3 t2term10 common22 common16 common4 common26 common23 common17 common28 common31 common4 common33,22,0.9637827248375926,2,25,11,0.44,1,0.44,2.272727272727273
A00959-11,A00959,2000,24,t2term1 t2term5 t2term5 t2term5 t2term12 t2term8 t2term12 t2term3 t2term3 t2term2 t2term9 t2term4 t2term4 t2term11 common31 common40 common30 common18 common40 common10 common5 common8 common3 common39,22,0.9644238787806272,2,25,11,0.44,1,0.44,2.272727272727273
A00974-02,A00974,2013,24,t2term8 t2term10 t2term9 t2term1 t2term6 t2term7 t2term1 t2term1 t2term6 t2term1 t2term12 t2term11 t2term10 t2term5 common34 common30 common25 common26 common17 common6 common21 common16 common15 common6,22,0.9619000792949912,2,12,5,0.4166666666666667,1,0.4166666666666667,2.4
A00974-04,A00974,2013,24,t2term11 t2term9 t2term7 t2term6 t2term8 t2term11 t2term9 t2term11 t2term10 t2term10 t2term4 t2term12 t2term7 t2term9 common5 common18 common2 common31 common11 common8 common30 common18 common13 common21,22,0.961359604987178,2,12,5,0.4166666666666667,1,0.4166666666666667,2.4
A00978-01,A00978,2003,24,t2term6 t2term11 t2term10 t2term1 t2term7 t2term10 t2term3 t2term4 t2term8 t2term11 t2term8 t2term7 t2term3 t2term3 common10 common15 common32 common33 common40 common11 common5 common6 common4 common6,22,0.9625419624376186,3,21,9,0.42857142857142855,1,0.42857142857142855,2.3333333333333335
A00978-02,A00978,2003,24,t2term2 t2term3 t2term11 t2term7 t2term5 t2term5 t2term9 t2term10 t2term11 t2term7 t2term9 t2term8 t2term4 t2term1 common33 common36 common20 common18 common30 common18 common35 common15 common12 common15,22,0.9634328142762502,3,21,9,0.42857142857142855,1,0.42857142857142855,2.3333333333333335
A00978-05,A00978,2003,24,t2term9 t2term7 t2term4 t2term2 t2term9 t2term2 t2term2 t2term4 t2term9 t2term4 t2term7 t2term12 t2term3 t2term5 common2 common12 common13 common38 common2 common21 common10 common12 common31 common16,22,0.9630930506588368,3,21,9,0.42857142857142855,1,0.42857142857142855,2.3333333333333335
A00983-07,A00983,2025,24,t2term9 t2term8 t2term5 t2term3 t2term7 t2term11 t2term5 t2term4 t2term10 t2term5 t2term6 t2term2 t2term4 t2term4 common6 common40 common13 common23 common10 common34 common32 common25 common25 common39,22,0.9587988187708324,1,6,3,0.5,1,0.5,2
A00989-08,A00989,2003,24,t2term2 t2term10 t2term2 t2term6 t2term10 t2term4 t2term11 t2term4 t2term8 t2term12 t2term8 t2term2 t2term12 t2term4 common19 common40 common22 common39 common15 common30 common21 common10 common22 common6,22,0.963588929828061,1,21,9,0.42857142857142855,1,0.42857142857142855,2.3333333333333335
A00994-02,A00994,2015,24,t2term11 t2term3 t2term8 t2term1 t2term12 t2term11 t2term6 t2term1 t2term2 t2term10 t2term11 t2term1 t2term5 t2term4 common39 common33 common29 common39 common9 common22 common14 common27 common11 common16,22,0.9603881662566974,1,10,4,0.4,1,0.4,2.5
A00995-02,A00995,2001,24,t2term3 t2term9 t2term10 t2term9 t2term2 t2term6 t2term7 t2term11 t2term7 t2term4 t2term7 t2term1 t2term3 t2term2 common8 common31 common32 common15 common16 common17 common38 common35 common7 common32,22,0.9637966729206748,1,11,5,0.45454545454545453,1,0.45454545454545453,2.2
A00999-02,A00999,2015,24,t2term5 t2term4 t2term3 t2term6 t2term4 t2term10 t2term3 t2term5 t2term5 t2term2 t2term11 t2term12 t2term1 t2term5 common16 common34 common12 common19 common1 common12 common16 common1 common8 common4,22,0.961969304240812,1,10,4,0.4,1,0.4,2.5
A01005-02,A01005,2011,24,t2term10 t2term5 t2term5 t2term12 t2term10 t2term9 t2term6 t2term1 t2term6 t2term3 t2term2 t2term11 t2term10 t2term12 common35 common10 common1 common11 common1 common40 common39 common36 common32 common23,22,0.96174026367877,1,16,7,0.4375,1,0.4375,2.2857142857142856
A01017-04,A01017,2002,24,t2term4 t2term2 t2term5 t2term6 t2term12 t2term7 t2term4 t2term11 t2term9 t2term1 t2term5 t2term5 t2term5 t2term11 common35 common17 common16 common27 common27 common16 common36 common23 common37 common24,22,0.964725775683688,1,18,8,0.4444444444444444,1,0.4444444444444444,2.25
A01026-08,A01026,2003,24,t2term4 t2term3 t2term10 t2term8 t2term3 t2term2 t2term4 t2term6 t2term5 t2term1 t2term4 t2term12 t2term3 t2term10 common9 common4 common19 common16 common4 common12 common20 common23 common30 common6,22,0.9638550352462112,1,21,9,0.42857142857142855,1,0.42857142857142855,2.3333333333333335
A01032-02,A01032,2004,24,t2term8 t2term12 t2term12 t2term6 t2term1 t2term6 t2term10 t2term2 t2term12 t2term2 t2term11 t2term4 t2term10 t2term2 common7 common25 common34 common39 common7 common30 common10 common32 common27 common5,22,0.9630343698227162,1,18,8,0.4444444444444444,1,0.4444444444444444,2.25
A00004-04,A00004,2022,24,t25term1 t25term7 t25term6 t25term3 t25term8 t25term7 t25term6 t25term12 t25term10 t25term6 t25term5 t25term4 t25term8 t25term2 common30 common22 common8 common9 common8 common8 common40 common24 common14 common3,24,0.9637146262690997,1,22,9,0.4090909090909091,1,0.4090909090909091,2.444444444444444
A00029-01,A00029,2013,24,t25term3 t25term4 t25term11 t25term9 t25term2 t25term5 t25term11 t25term12 t25term10 t25term5 t25term10 t25term8 t25term1 t25term4 common40 common26 common4 common27 common17 common26 common5 common29 common32 common27,24,0.9608353599492836,1,12,5,0.4166666666666667,1,0.4166666666666667,2.4
A00031-02,A00031,2024,24,t25term4 t25term7 t25term12 t25term6 t25term9 t25term12 t25term2 t25term6 t25term10 t25term1 t25term11 t25term7 t25term4 t25term8 common39 common36 common15 common28 common17 common5 common9 common6 common37 common16,24,0.9659019838750996,1,31,13,0.41935483870967744,1,0.41935483870967744,2.3846153846153846
A00032-01,A00032,2025,24,t25term1 t25term7 t25term5 t25term10 t25term1 t25term10 t25term1 t25term10 t25term12 t25term11 t25term1 t25term6 t25term8 t25term12 common15 common26 common9 common23 common15 common38 common6 common32 common8 common31,24,0.9658614905491428,1,23,10,0.43478260869565216,1,0.43478260869565216,2.3000000000000003
A00033-01,A00033,2012,24,t25term3 t25term9 t25term3 t25term2 t25term9 t25term6 t25term11 t25term10 t25term6 t25term12 t25term10 t25term9 t25term11 t25term9 common40 common10 common14 common34 common29 common19 common25 common11 common20 common20,24,0.9606510569448572,1,6,3,0.5,1,0.5,2
A00040-02,A00040,2001,24,t25term3 t25term12 t25term10 t25term2 t25term5 t25term12 t25term12 t25term4 t25term10 t25term10 t25term3 t25term11 t25term11 t25term6 common34 common22 common17 common11 common37 common37 common15 common33 common30 common34,24,0.9579439034726522,1,4,2,0.5,1,0.5,2
A00073-06,A00073,2023,24,t25term7 t25term9 t25term1 t25term3 t25term4 t25term9 t25term8 t25term10 t25term11 t25term5 t25term11 t25term3 t25term9 t25term11 common39 common7 common26 common40 common35 common5 common14 common37 common14 common31,24,0.9647408942579592,1,18,8,0.4444444444444444,1,0.4444444444444444,2.25
A00080-06,A00080,2025,24,t25term9 t25term10 t25term10 t25term11 t25term4 t25term7 t25term7 t25term2 t25term2 t25term11 t25term10 t25term1 t25term7 t25term11 common13 common7 common40 common31 common32 common18 common12 common11 common19 common33,24,0.9657039091647388,2,23,10,0.43478260869565216,1,0.43478260869565216,2.3000000000000003
A00080-10,A00080,2025,24,t25term9 t25term12 t25term7 t25term10 t25term10 t25term8 t25term2 t25term9 t25term7 t25term9 t25term6 t25term10 t25term5 t25term7 common26 common10 common40 common10 common9 common4 common18 common33 common32 common34,24,0.9645733102885412,2,23,10,0.43478260869565216,1,0.43478260869565216,2.3000000000000003
A00082-01,A00082,2019,24,t25term5 t25term7 t25term5 t25term11 t25term7 t25term9 t25term5 t25term7 t25term2 t25term5 t25term5 t25term4 t25term2 t25term5 common10 common20 common36 common16 common16 common3 common13 common5 common15 common16,24,0.9624656884548128,2,16,7,0.4375,1,0.4375,2.2857142857142856
A00082-07,A00082,2019,24,t25term8 t25term6 t25term10 t25term8 t25term10 t25term8 t25term10 t25term10 t25term8 t25term12 t25term9 t25term12 t25term3 t25term6 common8 common36 common36 common12 common11 common28 common36 common10 common11 common40,24,0.9637249345784668,2,16,7,0.4375,1,0.4375,2.2857142857142856
A00090-05,A00090,2024,24,t25term6 t25term1 t25term8 t25term5 t25term3 t25term2 t25term9 t25term9 t25term2 t25term9 t25term1 t25term11 t25term6 t25term6 common11 common38 common38 common15 common26 common5 common39 common29 common40 common16,24,0.9656569708441932,1,31,13,0.41935483870967744,1,0.41935483870967744,2.3846153846153846
A00095-09,A00095,2016,24,t25term5 t25term5 t25term7 t25term2 t25term9 t25term12 t25term10 t25term3 t25term3 t25term2 t25term9 t25term11 t25term10 t25term4 common5 common19 common6 common34 common8 common6 common17 common38 common2 common34,24,0.9616908394303816,1,13,6,0.46153846153846156,1,0.46153846153846156,2.1666666666666665
A00104-03,A00104,2024,24,t25term12 t25term6 t25term8 t25term5 t25term9 t25term3 t25term9 t25term5 t25term3 t25term7 t25term7 t25term9 t25term2 t25term8 common24 common22 common12 common35 common5 common3 common5 common16 common17 common13,24,0.9645547171086836,2,31,13,0.41935483870967744,1,0.41935483870967744,2.3846153846153846
A00104-04,A00104,2024,24,t25term11 t25term1 t25term5 t25term10 t25term10 t25term11 t25term12 t25term8 t25term8 t25term7 t25term1 t25term6 t25term2 t25term6 common3 common29 common31 common27 common29 common3 common39 common3 common9 common36,24,0.9659041294158712,2,31,13,0.41935483870967744,1,0.41935483870967744,2.3846153846153846
A00107-08,A00107,2022,24,t25term4 t25term1 t25term11 t25term7 t25term6 t25term3 t25term8 t25term5 t25term9 t25term1 t25term10 t25term3 t25term3 t25term7 common4 common14 common19 common25 common12 common34 common38 common29 common38 common25,24,0.9644721620219358,1,22,9,0.4090909090909091,1,0.4090909090909091,2.444444444444444
A00108-06,A00108,2002,24,t25term10 t25term12 t25term7 t25term3 t25term3 t25term6 t25term3 t25term9 t25term11 t25term4 t25term3 t25term11 t25term3 t25term3 common6 common32 common20 common35 common39 common14 common5 common12 common17 common15,24,0.9578454589401844,1,6,3,0.5,1,0.5,2
A00111-05,A00111,2012,24,t25term5 t25term6 t25term12 t25term10 t25term9 t25term9 t25term1 t25term8 t25term2 t25term12 t25term6 t25term3 t25term8 t25term5 common7 common10 common38 common2 common9 common5 common11 common39 common4 common22,24,0.9594316402115652,1,6,3,0.5,1,0.5,2
A00119-05,A00119,2016,24,t25term6 t25term7 t25term7 t25term7 t25term10 t25term3 t25term8 t25term6 t25term1 t25term8 t25term6 t25term2 t25term8 t25term2 common40 common9 common20 common32 common34 common34 common22 common11 common35 common1,24,0.9616748313381872,2,13,6,0.46153846153846156,1,0.46153846153846156,2.1666666666666665
A00119-08,A00119,2016,24,t25term12 t25term5 t25term9 t25term7 t25term3 t25term7 t25term8 t25term7 t25term4 t25term11 t25term6 t25term4 t25term5 t25term4 common20 common24 common12 common35 common17 common4 common19 common36 common8 common29,24,0.9617520483459758,2,13,6,0.46153846153846156,1,0.46153846153846156,2.1666666666666665
A00125-02,A00125,2021,24,t25term9 t25term2 t25term12 t25term1 t25term12 t25term6 t25term10 t25term10 t25term11 t25term7 t25term10 t25term1 t25term8 t25term7 common34 common39 common35 common40 common16 common25 common31 common23 common36 common25,24,0.9632541907530414,1,18,8,0.4444444444444444,1,0.4444444444444444,2.25
A00131-04,A00131,2016,24,t25term6 t25term3 t25term7 t25term7 t25term1 t25term8 t25term10 t25term1 t25term4 t25term6 t25term5 t25term2 t25term12 t25term11 common39 common23 common16 common27 common13 common13 common8 common30 common17 common12,24,0.961110003671898,1,13,6,0.46153846153846156,1,0.46153846153846156,2.1666666666666665
A00138-09,A00138,2024,24,t25term1 t25term7 t25term2 t25term8 t25term6 t25term7 t25term2 t25term10 t25term1 t25term12 t25term2 t25term1 t25term4 t25term7 common21 common3 common20 common15 common5 common16 common23 common18 common21 common27,24,0.965819404564672,1,31,13,0.41935483870967744,1,0.41935483870967744,2.3846153846153846
A00158-02,A00158,2025,24,t25term4 t25term7 t25term1 t25term5 t25term2 t25term12 t25term6 t25term1 t25term9 t25term9 t25term12 t25term9 t25term10 t25term2 common33 common40 common38 common23 common6 common20 common34 common39 common26 common36,24,0.9663128788044016,2,23,10,0.43478260869565216,1,0.43478260869565216,2.3000000000000003
A00158-04,A00158,2025,24,t25term9 t25term4 t25term12 t25term3 t25term10 t25term12 t25term8 t25term1 t25term7 t25term1 t25term7 t25term11 t25term10 t25term3 common27 common5 common11 common21 common17 common16 common31 common30 common2 common30,24,0.9665315721399595,2,23,10,0.43478260869565216,1,0.43478260869565216,2.3000000000000003
A00160-06,A00160,2004,24,t25term9 t25term8 t25term10 t25term9 t25term12 t25term7 t25term1 t25term5 t25term2 t25term6 t25term5 t25term11 t25term7 t25term1 common22 common22 common26 common25 common21 common28 common7 common3 common27 common4,24,0.9586302365138611,1,8,3,0.375,1,0.375,2.6666666666666665
A00165-01,A00165,2020,24,t25term10 t25term7 t25term5 t25term4 t25term10 t25term10 t25term4 t25term2 t25term6 t25term9 t25term3 t25term4 t25term9 t25term11 common14 common22 common11 common31 common31 common13 common25 common14 common18 common14,24,0.9627893867330404,1,14,6,0.42857142857142855,1,0.42857142857142855,2.3333333333333335
A00174-05,A00174,2020,24,t25term7 t25term6 t25term5 t25term11 t25term8 t25term4 t25term6 t25term8 t25term5 t25term2 t25term4 t25term3 t25term10 t25term10 common9 common10 common31 common13 common15 common3 common8 common27 common26 common1,24,0.9614651622100094,1,14,6,0.42857142857142855,1,0.42857142857142855,2.3333333333333335
A00183-04,A00183,2005,24,t25term5 t25term8 t25term3 t25term11 t25term5 t25term11 t25term10 t25term1 t25term5 t25term7 t25term6 t25term9 t25term4 t25term5 common6 common5 common22 common25 common29 common40 common17 common10 common24 common34,24,0.9584043326581112,1,11,5,0.45454545454545453,1,0.45454545454545453,2.2
A00185-01,A00185,2015,24,t25term12 t25term8 t25term6 t25term7 t25term9 t25term12 t25term2 t25term9 t25term2 t25term3 t25term12 t25term9 t25term8 t25term10 common5 common5 common40 common20 common36 common23 common24 common29 common12 common6,24,0.9626580481537528,1,17,7,0.4117647058823529,1,0.4117647058823529,2.428571428571429
A00188-12,A00188,2025,24,t25term12 t25term12 t25term12 t25term2 t25term12 t25term10 t25term4 t25term9 t25term5 t25term9 t25term10 t25term4 t25term10 t25term6 common36 common13 common33 common11 common32 common38 common5 common21 common20 common5,24,0.9669132128072622,1,23,10,0.43478260869565216,1,0.43478260869565216,2.3000000000000003
A00190-09,A00190,2008,24,t25term1 t25term5 t25term11 t25term11 t25term12 t25term2 t25term6 t25term12 t25term1 t25term3 t25term1 t25term9 t25term11 t25term1 common36 common36 common5 common8 common14 common21 common20 common4 common4 common20,24,0.960208029008009,1,5,2,0.4,1,0.4,2.5
A00191-01,A00191,2013,24,t25term10 t25term12 t25term9 t25term4 t25term12 t25term9 t25term8 t25term3 t25term6 t25term3 t25term1 t25term10 t25term12 t25term1 common35 common8 common4 common5 common32 common14 common17 common7 common31 common17,24,0.9603095302778736,2,12,5,0.4166666666666667,1,0.4166666666666667,2.4
A00191-03,A00191,2013,24,t25term8 t25term2 t25term1 t25term2 t25term4 t25term6 t25term10 t25term6 t25term9 t25term7 t25term9 t25term2 t25term2 t25term9 common28 common18 common21 common9 common17 common24 common13 common9 common10 common14,24,0.9600360857436582,2,12,5,0.4166666666666667,1,0.4166666666666667,2.4
A00200-09,A00200,2017,24,t25term7 t25term12 t25term7 t25term7 t25term4 t25term10 t25term1 t25term12 t25term7 t25term6 t25term3 t25term12 t25term12 t25term6 common24 common39 common5 common28 common3 common29 common32 common34 common24 common23,24,0.9632932865465073,2,15,6,0.4,1,0.4,2.5
A00200-11,A00200,2017,24,t25term9 t25term2 t25term5 t25term7 t25term2 t25term6 t25term9 t25term8 t25term2 t25term5 t25term7 t25term9 t25term5 t25term5 common19 common37 common39 common26 common32 common20 common30 common8 common17 common18,24,0.9620772480537296,2,15,6,0.4,1,0.4,2.5
A00206-03,A00206,2025,24,t25term6 t25term2 t25term5 t25term4 t25term12 t25term6 t25term3 t25term2 t25term9 t25term7 t25term7 t25term5 t25term3 t25term3 common2 common29 common23 common25 common32 common1 common11 common13 common30 common5,24,0.9672210442762572,1,23,10,0.43478260869565216,1,0.43478260869565216,2.3000000000000003
A00214-04,A00214,2010,24,t25term5 t25term3 t25term8 t25term3 t25term7 t25term6 t25term2 t25term10 t25term10 t25term5 t25term3 t25term6 t25term3 t25term6 common12 common11 common31 common5 common27 common15 common29 common22 common25 common7,24,0.9594112186064327,1,15,6,0.4,1,0.4,2.5
A00216-02,A00216,2024,24,t25term1 t25term2 t25term3 t25term7 t25term9 t25term12 t25term12 t25term9 t25term11 t25term6 t25term4 t25term1 t25term6 t25term5 common11 common36 common29 common13 common35 common14 common13 common24 common30 common17,24,0.9658395531477408,1,31,13,0.41935483870967744,1,0.41935483870967744,2.3846153846153846
A00218-04,A00218,2019,24,t25term5 t25term8 t25term8 t25term12 t25term10 t25term11 t25term1 t25term8 t25term8 t25term11 t25term7 t25term10 t25term1 t25term12 common22 common37 common36 common25 common33 common6 common9 common3 common4 common39,24,0.9622433922755154,2,16,7,0.4375,1,0.4375,2.2857142857142856
A00218-06,A00218,2019,24,t25term3 t25term4 t25term3 t25term12 t25term3 t25term12 t25term8 t25term11 t25term9 t25term1 t25term9 t25term10 t25term11 t25term3 common37 common17 common14 common7 common33 common37 common33 common7 common33 common2,24,0.9632486735798916,2,16,7,0.4375,1,0.4375,2.2857142857142856
A00219-03,A00219,2010,24,t25term4 t25term4 t25term12 t25term10 t25term10 t25term1 t25term12 t25term7 t25term9 t25term12 t25term3 t25term4 t25term7 t25term2 common13 common4 common23 common35 common26 common38 common17 common18 common37 common6,24,0.9580188491417976,1,15,6,0.4,1,0.4,2.5
A00253-10,A00253,2024,24,t25term8 t25term8 t25term11 t25term8 t25term6 t25term11 t25term3 t25term11 t25term6 t25term11 t25term12 t25term12 t25term3 t25term11 common19 common6 common3 common36 common31 common28 common30 common6 common34 common2,24,0.9654725518633068,1,31,13,0.41935483870967744,1,0.41935483870967744,2.3846153846153846
A00260-02,A00260,2021,24,t25term12 t25term5 t25term1 t25term12 t25term4 t25term11 t25term2 t25term12 t25term1 t25term7 t25term10 t25term9 t25term3 t25term11 common18 common39 common5 common7 common12 common22 common23 common25 common29 common28,24,0.9636985272001084,2,18,8,0.4444444444444444,1,0.4444444444444444,2.25
A00260-03,A00260,2021,24,t25term11 t25term4 t25term5 t25term10 t25term8 t25term11 t25term6 t25term2 t25term1 t25term1 t25term9 t25term5 t25term8 t25term1 common40 common36 common37 common33 common9 common10 common28 common22 common15 common29,24,0.9629514505577708,2,18,8,0.4444444444444444,1,0.4444444444444444,2.25
A00267-02,A00267,2021,24,t25term11 t25term9 t25term3 t25term9 t25term2 t25term12 t25term4 t25term7 t25term2 t25term11 t25term5 t25term4 t25term1 t25term11 common22 common7 common29 common34 common14 common6 common13 common8 common21 common11,24,0.9635986838358483,1,18,8,0.4444444444444444,1,0.4444444444444444,2.25
A00281-01,A00281,2021,24,t25term7 t25term2 t25term6 t25term2 t25term10 t25term3 t25term4 t25term11 t25term12 t25term11 t25term2 t25term5 t25term5 t25term9 common21 common30 common10 common36 common24 common35 common34 common18 common37 common27,24,0.9630239604185789,3,18,8,0.4444444444444444,1,0.4444444444444444,2.25
A00281-02,A00281,2021,24,t25term9 t25term1 t25term9 t25term6 t25term9 t25term6 t25term3 t25term1 t25term2 t25term4 t25term11 t25term1 t25term3 t25term3 common36 common1 common36 common30 common30 common16 common18 common20 common25 common9,24,0.96468870245174565,3,18,8,0.4444444444444444,1,0.4444444444444444,2.25
A00281-03,A00281,2021,24,t25term10 t25term10 t25term8 t25term6 t25term9 t25term3 t25term9 t25term4 t25term3 t25term9 t25term5 t25term10 t25term6 t25term1 common1 common36 common15 common13 common14 common7 common40 common19 common37 common16,24,0.964394075988904,3,18,8,0.4444444444444444,1,0.4444444444444444,2.25
A00287-02,A00287,2005,24,t25term1 t25term6 t25term11 t25term7 t25term2 t25term9 t25term6 t25term9 t25term8 t25term2 t25term5 t25term1 t25term1 t25term8 common40 common14 common7 common32 common33 common31 common5 common17 common32 common31,24,0.9591255433109598,1,11,5,0.45454545454545453,1,0.45454545454545453,2.2
A00288-06,A00288,2006,24,t25term3 t25term1 t25term1 t25term3 t25term5 t25term1 t25term9 t25term8 t25term3 t25term12 t25term1 t25term6 t25term8 t25term5 common29 common14 common26 common28 common22 common26 common31 common28 common31 common20,24,0.9584016341975444,1,9,4,0.4444444444444444,1,0.4444444444444444,2.25
A00299-01,A00299,2019,24,t25term10 t25term5 t25term6 t25term9 t25term1 t25term10 t25term6 t25term11 t25term5 t25term8 t25term2 t25term11 t25term1 t25term2 common11 common4 common17 common14 common3 common5 common38 common21 common5 common35,24,0.9629081589248384,1,16,7,0.4375,1,0.4375,2.2857142857142856
A00331-03,A00331,2025,24,t25term7 t25term2 t25term5 t25term1 t25term5 t25term6 t25term1 t25term3 t25term2 t25term3 t25term3 t25term9 t25term6 t25term2 common6 common24 common9 common24 common27 common4 common23 common34 common16 common31,24,0.9662448907073732,3,23,10,0.43478260869565216,1,0.43478260869565216,2.3000000000000003
A00331-07,A00331,2025,24,t25term8 t25term12 t25term4 t25term3 t25term3 t25term8 t25term4 t25term1 t25term7 t25term6 t25term11 t25term11 t25term5 t25term10 common30 common34 common11 common27 common22 common31 common20 common29 common19 common36,24,0.966765180849674,3,23,10,0.43478260869565216,1,0.43478260869565216,2.3000000000000003
A00331-09,A00331,2025,24,t25term2 t25term12 t25term11 t25term10 t25term12 t25term2 t25term7 t25term7 t25term1 t25term9 t25term11 t25term3 t25term6 t25term9 common18 common35 common34 common6 common37 common32 common1 common26 common14 common37,24,0.966134039389586,3,23,10,0.43478260869565216,1,0.43478260869565216,2.3000000000000003
A00333-02,A00333,2023,24,t25term2 t25term5 t25term10 t25term8 t25term12 t25term11 t25term9 t25term11 t25term7 t25term9 t25term1 t25term4 t25term6 t25term6 common22 common7 common9 common7 common8 common6 common30 common17 common17 common28,24,0.9649681538573688,1,18,8,0.4444444444444444,1,0.4444444444444444,2.25
A00357-02,A00357,2022,24,t25term2 t25term9 t25term7 t25term4 t25term4 t25term2 t25term10 t25term1 t25term5 t25term3 t25term1 t25term12 t25term1 t25term10 common11 common27 common17 common11 common20 common8 common18 common29 common11 common12,24,0.9646444303847324,1,22,9,0.4090909090909091,1,0.4090909090909091,2.444444444444444
A00362-03,A00362,2011,24,t25term1 t25term6 t25term2 t25term6 t25term2 t25term11 t25term3 t25term4 t25term10 t25term8 t25term6 t25term1 t25term12 t25term8 common25 common5 common5 common40 common16 common11 common39 common14 common4 common1,24,0.960269930541434,1,7,3,0.42857142857142855,1,0.42857142857142855,2.3333333333333335
A00372-08,A00372,2019,24,t25term10 t25term3 t25term3 t25term8 t25term4 t25term10 t25term10 t25term4 t25term5 t25term11 t25term4 t25term5 t25term3 t25term10 common2 common24 common3 common39 common27 common39 common1 common25 common17 common14,24,0.9630120613279328,1,16,7,0.4375,1,0.4375,2.2857142857142856
A00396-06,A00396,2021,24,t25term8 t25term2 t25term7 t25term6 t25term7 t25term5 t25term10 t25term11 t25term6 t25term6 t25term11 t25term2 t25term8 t25term9 common33 common4 common18 common24 common5 common14 common3 common26 common12 common32,24,0.9633461014657424,1,18,8,0.4444444444444444,1,0.4444444444444444,2.25
A00403-05,A00403,2018,24,t25term1 t25term7 t25term7 t25term9 t25term10 t25term6 t25term6 t25term4 t25term10 t25term12 t25term3 t25term4 t25term8 t25term8 common28 common27 common35 common29 common4 common31 common20 common5 common4 common11,24,0.9620109343536516,1,11,5,0.45454545454545453,1,0.45454545454545453,2.2
A00406-12,A00406,2013,24,t25term5 t25term10 t25term1 t25term5 t25term6 t25term3 t25term9 t25term4 t25term2 t25term4 t25term1 t25term3 t25term2 t25term2 common19 common26 common16 common35 common37 common37 common12 common17 common7 common37,24,0.9605819786249892,1,12,5,0.4166666666666667,1,0.4166666666666667,2.4
A00414-04,A00414,2009,24,t25term3 t25term11 t25term5 t25term7 t25term1 t25term11 t25term2 t25term6 t25term4 t25term7 t25term11 t25term10 t25term12 t25term6 common16 common18 common23 common1 common27 common15 common27 common7 common10 common16,24,0.9591333756490308,1,7,3,0.42857142857142855,1,0.42857142857142855,2.3333333333333335
A00415-02,A00415,2005,24,t25term12 t25term8 t25term8 t25term7 t25term10 t25term8 t25term4 t25term3 t25term11 t25term9 t25term2 t25term8 t25term6 t25term9 common4 common9 common33 common37 common15 common14 common31 common22 common39 common7,24,0.9585663068701116,1,11,5,0.45454545454545453,1,0.45454545454545453,2.2
A00430-05,A00430,2010,24,t25term1 t25term6 t25term7 t25term9 t25term4 t25term7 t25term6 t25term4 t25term6 t25term1 t25term11 t25term12 t25term10 t25term2 common8 common20 common12 common21 common20 common3 common2 common40 common38 common36,24,0.9593798280264436,1,15,6,0.4,1,0.4,2.5
A00447-04,A00447,2009,24,t25term6 t25term3 t25term11 t25term9 t25term3 t25term2 t25term4 t25term4 t25term9 t25term3 t25term3 t25term4 t25term4 t25term7 common22 common25 common38 common35 common11 common32 common11 common37 common12 common30,24,0.9589705996026164,1,7,3,0.42857142857142855,1,0.42857142857142855,2.3333333333333335
A00456-03,A00456,2017,24,t25term4 t25term3 t25term6 t25term12 t25term1 t25term5 t25term9 t25term5 t25term12 t25term10 t25term4 t25term6 t25term9 t25term8 common29 common37 common32 common33 common36 common6 common2 common13 common12 common23,24,0.9624761442732076,1,15,6,0.4,1,0.4,2.5
A00461-01,A00461,2023,24,t25term5 t25term2 t25term7 t25term6 t25term7 t25term10 t25term9 t25term8 t25term8 t25term10 t25term5 t25term6 t25term11 t25term10 common21 common38 common33 common21 common20 common37 common5 common5 common12 common4,24,0.9644210913353622,1,18,8,0.4444444444444444,1,0.4444444444444444,2.25
A00468-06,A00468,2002,24,t25term1 t25term10 t25term3 t25term9 t25term8 t25term6 t25term1 t25term12 t25term9 t25term1 t25term6 t25term4 t25term1 t25term12 common17 common25 common36 common35 common3 common9 common39 common40 common18 common31,24,0.9575310884953931,1,6,3,0.5,1,0.5,2
A00471-04,A00471,2010,24,t25term10 t25term9 t25term2 t25term6 t25term7 t25term10 t25term7 t25term4 t25term10 t25term3 t25term2 t25term2 t25term2 t25term7 common12 common17 common2 common2 common3 common36 common38 common3 common19 common12,24,0.9593003788825426,1,15,6,0.4,1,0.4,2.5
A00486-08,A00486,2018,24,t25term10 t25term6 t25term3 t25term8 t25term2 t25term9 t25term6 t25term2 t25term7 t25term8 t25term6 t25term2 t25term7 t25term1 common9 common4 common4 common8 common32 common30 common8 common31 common16 common18,24,0.9613979695512678,1,11,5,0.45454545454545453,1,0.45454545454545453,2.2
A00487-01,A00487,2025,24,t25term8 t25term12 t25term11 t25term8 t25term12 t25term5 t25term9 t25term11 t25term4 t25term10 t25term11 t25term12 t25term11 t25term1 common8 common29 common18 common38 common8 common1 common37 common2 common23 common27,24,0.9664415120587784,3,23,10,0.43478260869565216,1,0.43478260869565216,2.3000000000000003
A00487-02,A00487,2025,24,t25term3 t25term11 t25term7 t25term2 t25term3 t25term3 t25term2 t25term11 t25term7 t25term11 t25term6 t25term9 t25term6 t25term8 common21 common3 common37 common32 common39 common5 common5 common33 common10 common22,24,0.9654288633329164,3,23,10,0.43478260869565216,1,0.43478260869565216,2.3000000000000003
A00487-05,A00487,2025,24,t25term8 t25term4 t25term9 t25term3 t25term10 t25term10 t25term3 t25term5 t25term10 t25term4 t25term12 t25term9 t25term8 t25term7 common7 common26 common1 common7 common32 common27 common13 common28 common4 common11,24,0.9670618200536693,3,23,10,0.43478260869565216,1,0.43478260869565216,2.3000000000000003
A00491-06,A00491,2016,24,t25term11 t25term10 t25term10 t25term11 t25term8 t25term9 t25term11 t25term5 t25term1 t25term3 t25term12 t25term4 t25term4 t25term6 common9 common28 common19 common9 common1 common11 common32 common26 common23 common15,24,0.9628240436345418,1,13,6,0.46153846153846156,1,0.46153846153846156,2.1666666666666665
A00505-08,A00505,2005,24,t25term4 t25term7 t25term3 t25term7 t25term7 t25term7 t25term3 t25term1 t25term2 t25term12 t25term6 t25term11 t25term3 t25term6 common28 common1 common10 common26 common1 common17 common32 common40 common32 common3,24,0.9587245067805908,1,11,5,0.45454545454545453,1,0.45454545454545453,2.2
A00506-06,A00506,2024,24,t25term11 t25term9 t25term4 t25term12 t25term4 t25term1 t25term4 t25term5 t25term2 t25term9 t25term9 t25term9 t25term3 t25term2 common40 common11 common34 common7 common29 common29 common40 common31 common6 common15,24,0.9658039854606744,1,31,13,0.41935483870967744,1,0.41935483870967744,2.3846153846153846
A00511-02,A00511,2022,24,t25term8 t25term4 t25term7 t25term8 t25term3 t25term10 t25term5 t25term3 t25term12 t25term10 t25term11 t25term8 t25term7 t25term4 common26 common5 common20 common5 common3 common24 common2 common22 common32 common29,24,0.9644751792067912,1,22,9,0.4090909090909091,1,0.4090909090909091,2.444444444444444
A00515-01,A00515,2021,24,t25term7 t25term2 t25term7 t25term11 t25term9 t25term1 t25term1 t25term9 t25term8 t25term5 t25term6 t25term7 t25term11 t25term8 common22 common36 common14 common27 common39 common29 common37 common22 common16 common5,24,0.9638342589219294,2,18,8,0.4444444444444444,1,0.4444444444444444,2.25
A00515-02,A00515,2021,24,t25term5 t25term7 t25term5 t25term4 t25term9 t25term4 t25term11 t25term8 t25term4 t25term10 t25term4 t25term5 t25term10 t25term2 common26 common12 common25 common18 common8 common28 common19 common36 common16 common13,24,0.9631963934270046,2,18,8,0.4444444444444444,1,0.4444444444444444,2.25
A00525-02,A00525,2013,24,t25term1 t25term2 t25term8 t25term2 t25term7 t25term10 t25term2 t25term3 t25term2 t25term10 t25term3 t25term6 t25term7 t25term5 common25 common14 common39 common29 common16 common4 common37 common10 common17 common12,24,0.960096799562328,1,12,5,0.4166666666666667,1,0.4166666666666667,2.4
A00557-03,A00557,2023,24,t25term3 t25term10 t25term10 t25term8 t25term3 t25term3 t25term11 t25term7 t25term7 t25term2 t25term12 t25term4 t25term12 t25term12 common12 common24 common30 common2 common36 common11 common30 common30 common13 common15,24,0.9653359062542008,2,18,8,0.4444444444444444,1,0.4444444444444444,2.25
A00557-10,A00557,2023,24,t25term5 t25term1 t25term4 t25term11 t25term6 t25term11 t25term9 t25term10 t25term5 t25term12 t25term11 t25term10 t25term7 t25term9 common18 common3 common20 common7 common24 common24 common13 common6 common27 common8,24,0.964764458879126,2,18,8,0.4444444444444444,1,0.4444444444444444,2.25
A00571-02,A00571,2014,24,t25term7 t25term10 t25term2 t25term11 t25term2 t25term8 t25term5 t25term8 t25term7 t25term3 t25term5 t25term11 t25term10 t25term4 common1 common3 common37 common5 common6 common29 common1 common26 common38 common21,24,0.9614194363729516,1,9,4,0.4444444444444444,1,0.4444444444444444,2.25
A00572-03,A00572,2017,24,t25term11 t25term9 t25term6 t25term3 t25term9 t25term2 t25term2 t25term5 t25term4 t25term3 t25term9 t25term10 t25term11 t25term12 common40 common14 common2 common33 common13 common15 common30 common29 common11 common27,24,0.9625671572909864,2,15,6,0.4,1,0.4,2.5
A00572-10,A00572,2017,24,t25term1 t25term2 t25term9 t25term6 t25term3 t25term11 t25term9 t25term11 t25term12 t25term1 t25term7 t25term10 t25term8 t25term5 common30 common29 common7 common23 common5 common25 common6 common32 common5 common14,24,0.9639752550532464,2,15,6,0.4,1,0.4,2.5
A00576-03,A00576,2003,24,t25term8 t25term1 t25term10 t25term5 t25term9 t25term11 t25term1 t25term11 t25term1 t25term4 t25term8 t25term6 t25term10 t25term8 common12 common2 common37 common38 common19 common25 common20 common5 common23 common29,24,0.9596713057340844,1,6,3,0.5,1,0.5,2
A00577-05,A00577,2022,24,t25term10 t25term12 t25term10 t25term4 t25term9 t25term9 t25term7 t25term6 t25term3 t25term2 t25term10 t25term5 t25term12 t25term12 common7 common16 common1 common12 common38 common14 common36 common37 common29 common3,24,0.9652999230922216,1,22,9,0.4090909090909091,1,0.4090909090909091,2.444444444444444
A00581-05,A00581,2005,24,t25term8 t25term10 t25term1 t25term4 t25term7 t25term6 t25term7 t25term6 t25term4 t25term1 t25term3 t25term3 t25term4 t25term8 common29 common28 common25 common14 common33 common11 common22 common36 common28 common31,24,0.959762294574894,1,11,5,0.45454545454545453,1,0.45454545454545453,2.2
A00583-02,A00583,2020,24,t25term12 t25term6 t25term10 t25term3 t25term1 t25term6 t25term4 t25term6 t25term8 t25term11 t25term9 t25term1 t25term10 t25term6 common7 common8 common11 common35 common30 common25 common23 common28 common23 common26,24,0.9638006153678212,1,14,6,0.42857142857142855,1,0.42857142857142855,2.3333333333333335
A00585-04,A00585,2017,24,t25term4 t25term8 t25term12 t25term5 t25term5 t25term11 t25term5 t25term4 t25term10 t25term4 t25term8 t25term4 t25term4 t25term9 common2 common4 common14 common12 common2 common16 common10 common6 common13 common11,24,0.9612229971917662,1,15,6,0.4,1,0.4,2.5
A00588-02,A00588,2024,24,t25term10 t25term7 t25term4 t25term11 t25term5 t25term5 t25term3 t25term7 t25term8 t25term6 t25term8 t25term10 t25term10 t25term8 common4 common25 common36 common11 common19 common23 common7 common26 common15 common10,24,0.9661454545114324,1,31,13,0.41935483870967744,1,0.41935483870967744,2.3846153846153846
A00603-06,A00603,2023,24,t25term3 t25term6 t25term1 t25term2 t25term10 t25term1 t25term8 t25term7 t25term9 t25term9 t25term4 t25term5 t25term4 t25term8 common21 common4 common25 common4 common11 common4 common32 common36 common40 common36,24,0.9655604208304313,1,18,8,0.4444444444444444,1,0.4444444444444444,2.25
A00607-02,A00607,2023,24,t25term7 t25term1 t25term6 t25term2 t25term8 t25term8 t25term7 t25term11 t25term2 t25term5 t25term7 t25term1 t25term12 t25term4 common7 common38 common9 common29 common9 common3 common16 common7 common37 common32,24,0.9659675241453518,1,18,8,0.4444444444444444,1,0.4444444444444444,2.25
A00610-01,A00610,2006,24,t25term9 t25term7 t25term10 t25term10 t25term6 t25term7 t25term8 t25term4 t25term11 t25term11 t25term5 t25term5 t25term9 t25term8 common16 common27 common13 common19 common1 common24 common24 common27 common15 common8,24,0.9592244290409144,1,9,4,0.4444444444444444,1,0.4444444444444444,2.25
A00611-05,A00611,2025,24,t25term2 t25term12 t25term3 t25term2 t25term6 t25term1 t25term9 t25term4 t25term9 t25term6 t25term1 t25term11 t25term8 t25term4 common27 common23 common34 common26 common34 common34 common11 common29 common4 common19,24,0.9669394288993756,1,23,10,0.43478260869565216,1,0.43478260869565216,2.3000000000000003
A00621-05,A00621,2025,24,t25term2 t25term5 t25term8 t25term8 t25term8 t25term9 t25term8 t25term9 t25term9 t25term5 t25term3 t25term2 t25term11 t25term3 common38 common16 common25 common4 common29 common19 common29 common39 common6 common10,24,0.9655365299309824,1,23,10,0.43478260869565216,1,0.43478260869565216,2.3000000000000003
A00631-01,A00631,2017,24,t25term8 t25term4 t25term10 t25term6 t25term9 t25term10 t25term2 t25term2 t25term12 t25term10 t25term2 t25term4 t25term8 t25term3 common33 common34 common29 common35 common29 common4 common5 common16 common27 common23,24,0.9622000812524728,1,15,6,0.4,1,0.4,2.5
A00638-01,A00638,2003,24,t25term5 t25term2 t25term1 t25term5 t25term8 t25term2 t25term4 t25term12 t25term3 t25term7 t25term7 t25term1 t25term9 t25term8 common8 common40 common21 common5 common13 common30 common25 common20 common21 common20,24,0.958678003474358,1,6,3,0.5,1,0.5,2
A00647-07,A00647,2002,24,t25term2 t25term7 t25term2 t25term2 t25term1 t25term5 t25term10 t25term2 t25term12 t25term2 t25term2 t25term6 t25term10 t25term12 common32 common26 common9 common17 common24 common8 common33 common34 common13 common26,24,0.9575946794573964,1,6,3,0.5,1,0.5,2
A00651-07,A00651,2018,24,t25term12 t25term5 t25term6 t25term10 t25term5 t25term1 t25term5 t25term9 t25term3 t25term8 t25term3 t25term9 t25term8 t25term4 common1 common6 common12 common28 common28 common30 common19 common2 common28 common30,24,0.9625737439090704,1,11,5,0.45454545454545453,1,0.45454545454545453,2.2
A00654-11,A00654,2025,24,t25term4 t25term4 t25term7 t25term12 t25term3 t25term11 t25term12 t25term9 t25term8 t25term10 t25term4 t25term2 t25term5 t25term7 common29 common15 common18 common2 common40 common14 common12 common34 common29 common17,24,0.9665479606416943,1,23,10,0.43478260869565216,1,0.43478260869565216,2.3000000000000003
A00655-02,A00655,2014,24,t25term7 t25term12 t25term9 t25term8 t25term9 t25term4 t25term11 t25term6 t25term11 t25term11 t25term9 t25term2 t25term4 t25term3 common6 common16 common17 common22 common36 common7 common18 common5 common25 common28,24,0.9617116983978736,1,9,4,0.4444444444444444,1,0.4444444444444444,2.25
A00656-09,A00656,2015,24,t25term9 t25term10 t25term7 t25term8 t25term7 t25term7 t25term5 t25term8 t25term10 t25term4 t25term6 t25term12 t25term12 t25term4 common35 common34 common24 common4 common7 common15 common29 common9 common25 common25,24,0.9620032991917172,1,17,7,0.4117647058823529,1,0.4117647058823529,2.428571428571429
A00663-06,A00663,2009,24,t25term9 t25term8 t25term12 t25term6 t25term6 t25term4 t25term7 t25term1 t25term9 t25term11 t25term11 t25term8 t25term6 t25term3 common28 common12 common31 common33 common23 common14 common33 common7 common5 common1,24,0.9591379710973164,1,7,3,0.42857142857142855,1,0.42857142857142855,2.3333333333333335
A00670-03,A00670,2023,24,t25term10 t25term4 t25term9 t25term10 t25term4 t25term6 t25term2 t25term3 t25term1 t25term1 t25term1 t25term5 t25term1 t25term3 common17 common25 common35 common39 common4 common34 common29 common3 common32 common32,24,0.9644978085738488,2,18,8,0.4444444444444444,1,0.4444444444444444,2.25
A00670-07,A00670,2023,24,t25term4 t25term10 t25term2 t25term6 t25term6 t25term8 t25term5 t25term7 t25term7 t25term3 t25term2 t25term11 t25term8 t25term5 common28 common37 common33 common7 common35 common3 common36 common19 common9 common13,24,0.9647581688924264,2,18,8,0.4444444444444444,1,0.4444444444444444,2.25
A00714-05,A00714,2011,24,t25term3 t25term12 t25term12 t25term2 t25term5 t25term1 t25term3 t25term2 t25term6 t25term11 t25term9 t25term3 t25term2 t25term4 common15 common31 common23 common39 common22 common24 common14 common39 common9 common39,24,0.9588787579261416,2,7,3,0.42857142857142855,1,0.42857142857142855,2.3333333333333335
A00714-07,A00714,2011,24,t25term8 t25term10 t25term10 t25term5 t25term12 t25term11 t25term6 t25term1 t25term7 t25term10 t25term6 t25term3 t25term11 t25term5 common8 common37 common32 common18 common9 common23 common30 common36 common20 common33,24,0.9604026855417898,2,7,3,0.42857142857142855,1,0.42857142857142855,2.3333333333333335
A00730-02,A00730,2021,24,t25term3 t25term2 t25term7 t25term1 t25term10 t25term12 t25term3 t25term11 t25term4 t25term12 t25term2 t25term3 t25term8 t25term10 common22 common21 common28 common18 common36 common18 common37 common13 common18 common22,24,0.9624885839708952,4,18,8,0.4444444444444444,0.75,0.3333333333333333,3
A00730-05,A00730,2021,24,t25term6 t25term5 t25term7 t25term9 t25term10 t25term8 t25term10 t25term5 t25term9 t25term11 t25term8 t25term4 t25term12 t25term10 common18 common17 common9 common24 common34 common6 common15 common16 common15 common7,24,0.963618852759909,4,18,8,0.4444444444444444,0.75,0.3333333333333333,3
A00730-06,A00730,2021,24,t25term9 t25term6 t25term5 t25term9 t25term11 t25term12 t25term1 t25term12 t25term10 t25term12 t25term2 t25term1 t25term12 t25term8 common35 common25 common27 common20 common15 common38 common33 common39 common24 common7,24,0.9631686326419656,4,18,8,0.4444444444444444,0.75,0.3333333333333333,3
A00731-04,A00731,2021,24,t25term10 t25term6 t25term4 t25term7 t25term10 t25term1 t25term4 t25term4 t25term1 t25term2 t25term10 t25term5 t25term2 t25term6 common2 common9 common15 common34 common38 common19 common2 common26 common18 common11,24,0.9635472236647488,1,18,8,0.4444444444444444,1,0.4444444444444444,2.25
A00732-02,A00732,2018,24,t25term11 t25term6 t25term1 t25term2 t25term11 t25term9 t25term8 t25term3 t25term3 t25term9 t25term7 t25term10 t25term12 t25term4 common22 common12 common6 common20 common37 common2 common29 common20 common5 common25,24,0.9624176429152026,1,11,5,0.45454545454545453,1,0.45454545454545453,2.2
A00743-05,A00743,2019,24,t25term4 t25term9 t25term6 t25term3 t25term2 t25term9 t25term9 t25term12 t25term4 t25term6 t25term10 t25term6 t25term9 t25term10 common7 common25 common36 common5 common36 common3 common14 common18 common3 common34,24,0.9646821111422904,1,16,7,0.4375,1,0.4375,2.2857142857142856
A00744-05,A00744,2006,24,t25term7 t25term1 t25term8 t25term5 t25term9 t25term12 t25term1 t25term4 t25term6 t25term3 t25term1 t25term5 t25term10 t25term9 common30 common34 common3 common6 common38 common5 common36 common25 common27 common26,24,0.9600027359785912,1,9,4,0.4444444444444444,1,0.4444444444444444,2.25
A00746-01,A00746,2011,24,t25term2 t25term6 t25term12 t25term6 t25term12 t25term12 t25term6 t25term7 t25term9 t25term11 t25term1 t25term11 t25term2 t25term4 common38 common28 common34 common35 common22 common39 common18 common39 common5 common27,24,0.9583192874049176,1,7,3,0.42857142857142855,1,0.42857142857142855,2.3333333333333335
A00759-01,A00759,2006,24,t25term7 t25term6 t25term10 t25term6 t25term9 t25term12 t25term4 t25term3 t25term2 t25term2 t25term1 t25term9 t25term9 t25term4 common36 common26 common6 common14 common36 common38 common17 common28 common14 common4,24,0.9605148645717656,1,9,4,0.4444444444444444,1,0.4444444444444444,2.25
A00762-07,A00762,2019,24,t25term11 t25term5 t25term4 t25term9 t25term2 t25term12 t25term3 t25term8 t25term12 t25term12 t25term6 t25term9 t25term8 t25term7 common2 common16 common14 common30 common36 common25 common34 common35 common15 common14,24,0.9636137620356778,1,16,7,0.4375,1,0.4375,2.2857142857142856
A00764-08,A00764,2010,24,t25term8 t25term3 t25term4 t25term10 t25term4 t25term6 t25term3 t25term4 t25term1 t25term10 t25term8 t25term5 t25term12 t25term5 common3 common37 common28 common33 common24 common20 common35 common1 common39 common33,24,0.9583597615231344,2,15,6,0.4,1,0.4,2.5
A00764-09,A00764,2010,24,t25term10 t25term6 t25term3 t25term4 t25term6 t25term4 t25term4 t25term10 t25term1 t25term5 t25term12 t25term7 t25term9 t25term7 common8 common6 common31 common28 common25 common25 common26 common36 common37 common27,24,0.9594521870378566,2,15,6,0.4,1,0.4,2.5
A00768-04,A00768,2000,24,t25term4 t25term11 t25term9 t25term12 t25term8 t25term1 t25term4 t25term2 t25term2 t25term3 t25term3 t25term5 t25term10 t25term11 common31 common7 common36 common18 common11 common29 common15 common27 common34 common7,24,0.958799118832604,1,2,2,1,1,1,1
A00769-03,A00769,2020,24,t25term11 t25term6 t25term12 t25term9 t25term7 t25term5 t25term4 t25term8 t25term6 t25term11 t25term1 t25term4 t25term2 t25term8 common34 common4 common27 common40 common17 common30 common35 common40 common11 common18,24,0.9624669013481506,1,14,6,0.42857142857142855,1,0.42857142857142855,2.3333333333333335
A00775-08,A00775,2015,24,t25term11 t25term4 t25term2 t25term5 t25term2 t25term8 t25term8 t25term8 t25term6 t25term6 t25term6 t25term8 t25term4 t25term8 common1 common10 common36 common32 common19 common24 common39 common2 common26 common9,24,0.9615346955385636,1,17,7,0.4117647058823529,1,0.4117647058823529,2.428571428571429
A00782-01,A00782,2024,24,t25term4 t25term5 t25term8 t25term7 t25term6 t25term6 t25term3 t25term3 t25term4 t25term3 t25term11 t25term9 t25term3 t25term8 common15 common20 common31 common9 common12 common33 common32 common30 common38 common39,24,0.964692193541703,1,31,13,0.41935483870967744,1,0.41935483870967744,2.3846153846153846
A00788-06,A00788,2016,24,t25term1 t25term8 t25term10 t25term12 t25term11 t25term12 t25term2 t25term8 t25term7 t25term6 t25term3 t25term8 t25term2 t25term12 common30 common15 common10 common22 common6 common24 common27 common37 common24 common26,24,0.9611919847665312,1,13,6,0.46153846153846156,1,0.46153846153846156,2.1666666666666665
A00791-02,A00791,2020,24,t25term11 t25term7 t25term8 t25term11 t25term9 t25term4 t25term11 t25term5 t25term8 t25term1 t25term9 t25term10 t25term12 t25term12 common22 common7 common1 common36 common33 common30 common29 common26 common30 common36,24,0.9640332610352084,4,14,6,0.42857142857142855,0.75,0.3214285714285714,3.1111111111111116
A00791-07,A00791,2020,24,t25term4 t25term11 t25term7 t25term11 t25term7 t25term5 t25term10 t25term10 t25term3 t25term4 t25term6 t25term2 t25term12 t25term9 common32 common38 common15 common2 common32 common10 common22 common5 common26 common26,24,0.962235081572376,4,14,6,0.42857142857142855,0.75,0.3214285714285714,3.1111111111111116
A00791-08,A00791,2020,24,t25term2 t25term4 t25term10 t25term7 t25term7 t25term5 t25term8 t25term2 t25term2 t25term12 t25term10 t25term1 t25term10 t25term8 common27 common30 common18 common17 common3 common12 common15 common15 common18 common11,24,0.96290656483532,4,14,6,0.42857142857142855,0.75,0.3214285714285714,3.1111111111111116
A00793-01,A00793,2022,24,t25term7 t25term4 t25term2 t25term3 t25term3 t25term8 t25term1 t25term3 t25term7 t25term11 t25term12 t25term4 t25term12 t25term6 common34 common22 common14 common20 common40 common16 common39 common19 common11 common18,24,0.9639744197448484,2,22,9,0.4090909090909091,1,0.4090909090909091,2.444444444444444
A00793-05,A00793,2022,24,t25term9 t25term3 t25term4 t25term4 t25term2 t25term10 t25term9 t25term4 t25term8 t25term1 t25term1 t25term3 t25term5 t25term11 common25 common29 common10 common4 common30 common20 common35 common26 common6 common9,24,0.9628989802147132,2,22,9,0.4090909090909091,1,0.4090909090909091,2.444444444444444
A00794-08,A00794,2003,24,t25term12 t25term1 t25term8 t25term1 t25term1 t25term1 t25term10 t25term11 t25term10 t25term8 t25term11 t25term11 t25term3 t25term11 common15 common3 common10 common35 common5 common30 common14 common24 common24 common33,24,0.9581218760317622,1,6,3,0.5,1,0.5,2
A00796-05,A00796,2007,24,t25term11 t25term12 t25term11 t25term11 t25term12 t25term8 t25term6 t25term6 t25term1 t25term11 t25term9 t25term6 t25term5 t25term7 common39 common21 common12 common8 common7 common40 common14 common2 common7 common19,24,0.9595652286004358,1,5,2,0.4,1,0.4,2.5
A00797-06,A00797,2016,24,t25term11 t25term9 t25term12 t25term10 t25term2 t25term1 t25term7 t25term11 t25term5 t25term2 t25term9 t25term9 t25term6 t25term2 common27 common36 common27 common14 common39 common30 common1 common40 common7 common19,24,0.9632782959390832,1,13,6,0.46153846153846156,1,0.46153846153846156,2.1666666666666665
A00806-03,A00806,2024,24,t25term8 t25term2 t25term11 t25term9 t25term5 t25term10 t25term5 t25term7 t25term4 t25term5 t25term12 t25term4 t25term3 t25term1 common12 common27 common17 common29 common16 common32 common1 common34 common29 common19,24,0.9658853875136292,1,31,13,0.41935483870967744,1,0.41935483870967744,2.3846153846153846
A00808-01,A00808,2024,24,t25term9 t25term7 t25term4 t25term8 t25term6 t25term1 t25term2 t25term5 t25term3 t25term2 t25term2 t25term12 t25term4 t25term8 common36 common34 common3 common10 common35 common3 common3 common29 common1 common23,24,0.9654892863805588,1,31,13,0.41935483870967744,1,0.41935483870967744,2.3846153846153846
A00813-06,A00813,2007,24,t25term9 t25term1 t25term11 t25term5 t25term11 t25term10 t25term4 t25term9 t25term9 t25term1 t25term5 t25term12 t25term5 t25term1 common16 common9 common32 common20 common23 common25 common28 common16 common3 common31,24,0.9595377963914448,1,5,2,0.4,1,0.4,2.5
A00817-06,A00817,2000,24,t25term7 t25term7 t25term10 t25term4 t25term2 t25term6 t25term7 t25term8 t25term8 t25term3 t25term2 t25term3 t25term2 t25term10 common36 common32 common9 common1 common32 common8 common7 common23 common1 common21,24,0.9588559093308014,1,2,2,1,1,1,1
A00819-02,A00819,2018,24,t25term5 t25term12 t25term11 t25term9 t25term2 t25term4 t25term12 t25term5 t25term11 t25term2 t25term9 t25term6 t25term4 t25term3 common2 common20 common7 common22 common34 common7 common37 common14 common32 common40,24,0.9635703955183093,1,11,5,0.45454545454545453,1,0.45454545454545453,2.2
A00825-02,A00825,2014,24,t25term7 t25term2 t25term9 t25term7 t25term12 t25term9 t25term2 t25term9 t25term8 t25term4 t25term12 t25term5 t25term8 t25term2 common31 common26 common7 common5 common7 common4 common7 common39 common2 common21,24,0.9615098766431496,1,9,4,0.4444444444444444,1,0.4444444444444444,2.25
A00833-04,A00833,2022,24,t25term8 t25term9 t25term2 t25term5 t25term9 t25term10 t25term1 t25term6 t25term5 t25term10 t25term8 t25term12 t25term2 t25term12 common21 common2 common2 common23 common11 common13 common31 common23 common5 common25,24,0.9643921606645968,1,22,9,0.4090909090909091,1,0.4090909090909091,2.444444444444444
A00862-04,A00862,2008,24,t25term10 t25term5 t25term6 t25term2 t25term8 t25term10 t25term1 t25term6 t25term2 t25term6 t25term1 t25term8 t25term7 t25term10 common10 common19 common32 common27 common35 common28 common9 common39 common29 common7,24,0.9586282081434296,1,5,2,0.4,1,0.4,2.5
A00866-01,A00866,2015,24,t25term10 t25term11 t25term8 t25term5 t25term8 t25term11 t25term10 t25term8 t25term3 t25term5 t25term7 t25term4 t25term4 t25term7 common30 common6 common12 common3 common28 common14 common1 common25 common18 common14,24,0.962198414247912,1,17,7,0.4117647058823529,1,0.4117647058823529,2.428571428571429
A00883-02,A00883,2019,24,t25term3 t25term11 t25term1 t25term11 t25term3 t25term1 t25term11 t25term10 t25term3 t25term8 t25term1 t25term4 t25term4 t25term11 common19 common2 common24 common7 common7 common33 common30 common27 common8 common23,24,0.9636904022699084,1,16,7,0.4375,1,0.4375,2.2857142857142856
A00884-01,A00884,2020,24,t25term4 t25term9 t25term2 t25term2 t25term7 t25term1 t25term6 t25term7 t25term3 t25term3 t25term6 t25term12 t25term5 t25term12 common30 common21 common21 common8 common24 common31 common2 common24 common8 common4,24,0.9622517768498422,1,14,6,0.42857142857142855,1,0.42857142857142855,2.3333333333333335
A00891-02,A00891,2024,24,t25term10 t25term8 t25term2 t25term4 t25term7 t25term8 t25term7 t25term6 t25term12 t25term1 t25term2 t25term8 t25term3 t25term9 common27 common16 common1 common23 common24 common36 common30 common15 common10 common9,24,0.965965302255868,2,31,13,0.41935483870967744,1,0.41935483870967744,2.3846153846153846
A00891-10,A00891,2024,24,t25term2 t25term7 t25term7 t25term11 t25term5 t25term5 t25term5 t25term1 t25term2 t25term12 t25term5 t25term5 t25term6 t25term11 common16 common6 common40 common1 common12 common34 common2 common30 common31 common20,24,0.964865840748005,2,31,13,0.41935483870967744,1,0.41935483870967744,2.3846153846153846
A00915-06,A00915,2015,24,t25term2 t25term5 t25term9 t25term8 t25term11 t25term10 t25term9 t25term3 t25term4 t25term1 t25term7 t25term12 t25term4 t25term12 common34 common38 common12 common3 common24 common34 common31 common37 common16 common5,24,0.9615632359859204,1,17,7,0.4117647058823529,1,0.4117647058823529,2.428571428571429
A00924-02,A00924,2004,24,t25term7 t25term12 t25term5 t25term2 t25term2 t25term7 t25term3 t25term12 t25term3 t25term2 t25term1 t25term1 t25term8 t25term4 common33 common36 common4 common36 common11 common8 common10 common36 common30 common39,24,0.9594813633161648,1,8,3,0.375,1,0.375,2.6666666666666665
A00934-02,A00934,2023,24,t25term5 t25term1 t25term4 t25term8 t25term3 t25term6 t25term1 t25term9 t25term8 t25term6 t25term6 t25term2 t25term11 t25term3 common32 common32 common9 common22 common30 common5 common35 common31 common9 common31,24,0.9636065533207288,1,18,8,0.4444444444444444,1,0.4444444444444444,2.25
A00938-11,A00938,2014,24,t25term12 t25term1 t25term1 t25term6 t25term4 t25term5 t25term9 t25term2 t25term8 t25term6 t25term5 t25term1 t25term6 t25term4 common1 common15 common2 common22 common25 common36 common38 common11 common16 common13,24,0.9613913993166394,1,9,4,0.4444444444444444,1,0.4444444444444444,2.25
A00956-05,A00956,2012,24,t25term1 t25term12 t25term10 t25term11 t25term3 t25term3 t25term7 t25term6 t25term11 t25term5 t25term3 t25term5 t25term4 t25term5 common19 common39 common24 common40 common7 common6 common15 common15 common28 common40,24,0.9602006343245728,1,6,3,0.5,1,0.5,2
A00971-03,A00971,2022,24,t25term5 t25term1 t25term9 t25term6 t25term11 t25term4 t25term10 t25term7 t25term11 t25term4 t25term10 t25term8 t25term11 t25term1 common24 common26 common22 common36 common37 common1 common37 common18 common19 common18,24,0.9641284406987352,1,22,9,0.4090909090909091,1,0.4090909090909091,2.444444444444444
A00981-04,A00981,2024,24,t25term2 t25term1 t25term4 t25term2 t25term5 t25term6 t25term10 t25term1 t25term6 t25term6 t25term6 t25term6 t25term4 t25term5 common8 common12 common4 common14 common3 common15 common7 common15 common30 common19,24,0.965737707528026,1,31,13,0.41935483870967744,1,0.41935483870967744,2.3846153846153846
A00990-03,A00990,2013,24,t25term3 t25term3 t25term9 t25term6 t25term12 t25term1 t25term11 t25term11 t25term11 t25term6 t25term10 t25term7 t25term10 t25term5 common19 common31 common12 common20 common27 common20 common24 common24 common39 common37,24,0.9604859505860532,1,12,5,0.4166666666666667,1,0.4166666666666667,2.4
A00999-11,A00999,2015,24,t25term5 t25term5 t25term8 t25term5 t25term6 t25term1 t25term10 t25term10 t25term6 t25term4 t25term12 t25term8 t25term5 t25term4 common5 common36 common19 common15 common19 common18 common4 common13 common20 common8,24,0.9616121091688952,1,17,7,0.4117647058823529,1,0.4117647058823529,2.428571428571429
A01004-04,A01004,2010,24,t25term10 t25term12 t25term6 t25term8 t25term2 t25term6 t25term12 t25term8 t25term2 t25term12 t25term5 t25term2 t25term10 t25term10 common37 common39 common5 common39 common34 common30 common11 common15 common15 common38,24,0.9595862729091136,1,15,6,0.4,1,0.4,2.5
A01007-01,A01007,2015,24,t25term8 t25term6 t25term12 t25term12 t25term12 t25term12 t25term5 t25term10 t25term6 t25term12 t25term1 t25term12 t25term3 t25term3 common18 common1 common1 common31 common29 common36 common7 common29 common30 common8,24,0.9623518913740452,1,17,7,0.4117647058823529,1,0.4117647058823529,2.428571428571429
A01025-02,A01025,2022,24,t25term5 t25term2 t25term5 t25term10 t25term5 t25term8 t25term7 t25term4 t25term9 t25term1 t25term8 t25term10 t25term11 t25term2 common21 common10 common15 common5 common20 common36 common13 common40 common25 common6,24,0.9636015961517156,1,22,9,0.4090909090909091,1,0.4090909090909091,2.444444444444444
A01035-01,A01035,2004,24,t25term11 t25term4 t25term8 t25term10 t25term5 t25term10 t25term9 t25term5 t25term8 t25term10 t25term9 t25term11 t25term3 t25term9 common32 common17 common32 common1 common30 common2 common14 common35 common19 common19,24,0.9593778661910284,1,8,3,0.375,1,0.375,2.6666666666666665
A01036-04,A01036,2017,24,t25term9 t25term5 t25term12 t25term8 t25term5 t25term8 t25term6 t25term5 t25term3 t25term9 t25term1 t25term6 t25term4 t25term6 common13 common23 common39 common24 common39 common3 common4 common36 common6 common5,24,0.9622151609808224,1,15,6,0.4,1,0.4,2.5
A01040-07,A01040,2001,24,t25term12 t25term6 t25term7 t25term2 t25term4 t25term10 t25term7 t25term9 t25term4 t25term9 t25term12 t25term7 t25term2 t25term2 common18 common18 common39 common9 common24 common28 common32 common32 common35 common39,24,0.9571069255805076,1,4,2,0.5,1,0.5,2
