K,logLik,df,AIC,BIC,entropy,converged
2,-31579.67002749025,157,63473.3400549805,64300.012521531375,0.9038054701839627,TRUE
3,-30176.16516632155,236,60824.3303326431,62066.97174733103,0.9131314376515894,TRUE
4,-29447.733289690463,315,59525.466579380925,61184.076942205924,0.9208665911151361,TRUE
5,-29047.680184526118,394,58883.360369052236,60957.93968001429,0.9073857794491423,TRUE
6,-28751.75720921162,473,58449.51441842324,60940.062677522365,0.8945548050109832,TRUE
7,-28537.661185666402,552,58179.322371332804,61085.839578568986,0.8931681847981454,TRUE
8,-28390.237902221223,631,58042.475804442445,61364.961959815686,0.8896066234155051,TRUE
